s,n,alpha,v,traj_x,traj_y
0.0,0.0,0.0,0.0,0.0,0.0
0.0,0.0,0.0,0.5998953905330294,0.0,0.0
0.011949136109489934,0.001080711834854292,0.0026711266240893707,0.5998425046086276,0.011942466097156768,0.0011520830488170512
0.023909224415615632,0.0020981827729947013,0.004575384060844825,0.5998527292684306,0.023883074172928568,0.002312398160529049
0.03588103796321595,0.003049792978108649,0.00576453532901242,0.5998510104142257,0.035823331565151335,0.0034784365257449724
0.047863683496875045,0.003934251491890695,0.006297013748947987,0.5998513037015287,0.04776311287092284,0.0046489986527323965
0.0598564655146421,0.004751018550848916,0.006231672382329635,0.5998512526490271,0.05970250086084247,0.005823633906002451
0.0718586006077202,0.005499978221031588,0.005625244109991442,0.5998512620134742,0.07164149042932991,0.0070023070818726815
0.083869292107277,0.006181316720075398,0.004531504764894731,0.5998512621120397,0.08358005547977064,0.00818527752203086
0.09588773160958294,0.006795478008834197,0.0030011800153634804,0.5998512647083366,0.0955181434290633,0.009373054115062798
0.10791310788490403,0.007343167468238133,0.0010822467048040086,0.5998512676547015,0.10745567604789463,0.010566398722197334
0.11994461245706126,0.007825390751668724,-0.0011795075390329394,0.5998512712205333,0.11939254471665567,0.011766364663604314
0.13198144542147464,0.008243526620721581,-0.0037397035451783717,0.599851275271687,0.13132860226015172,0.012974369096030414
0.1440228221246754,0.008599437942535627,-0.006554357498439822,0.5998512797350557,0.1432636502544366,0.014192303379102617
0.1560679817365744,0.008895626552631495,-0.00957861320831921,0.5998512844972809,0.15519742078303794,0.015422687063176033
0.16811619870367214,0.009135431910560002,-0.012765245616377215,0.5998512893974332,0.16712955178606598,0.016668865359898005
0.1801667978991631,0.0093232521766604,-0.01606312907909932,0.5998512942077493,0.1790595568941465,0.01793522873073567
0.192219173349059,0.009464718755136069,-0.01941622545672783,0.5998512986399521,0.19098679530463097,0.01922738586069033
0.20427280811354523,0.009566686350338104,-0.022764144537352135,0.5998513023977771,0.20291045532933397,0.02055215269931536
0.21632728958151443,0.009636871649721577,-0.026045458149642407,0.5998513052742923,0.2148295717064315,0.02191719174014079
0.2283823129655215,0.009683102967802039,-0.029203801578589806,0.5998513072314147,0.22674308860060308,0.0233302647191743
0.24043766989605725,0.009712429975867815,-0.03219450061793505,0.59985130839077,0.23864995168311526,0.02479834737290325
0.25249322683247444,0.009730499375927874,-0.0349884299133993,0.599851308950841,0.25054918870970816,0.02632701017757185
0.2645489019258706,0.00974140318590005,-0.03757171998597447,0.5998513091058535,0.26243994869133286,0.02792026992046826
0.2766046462877467,0.009747889615748684,-0.039942594939768226,0.5998513090068179,0.2743215008739581,0.029580801704404237
0.28866043108947786,0.009751709543670037,-0.042107432891785826,0.5998513087568386,0.2861932123865701,0.031310285110106265
0.30071623942772324,0.009753940889343147,-0.04407738451747789,0.5998513084212017,0.2980545214577667,0.033109727670439626
0.31277206141404423,0.009755233322204385,-0.045865955505799846,0.5998513080392898,0.3099049145795191,0.03497970862720451
0.3248278912685614,0.009755973454412535,-0.04748745832204176,0.5998513076339956,0.3217439097298855,0.03692054333694088
0.33688372561394353,0.00975638967024004,-0.04895609606355223,0.5998513072183056,0.3335710449798691,0.03893238751850042
0.3489395624772881,0.009756616342194182,-0.05028545941639785,0.5998513067994374,0.3453858710947726,0.041015301064613055
0.3609954007068604,0.00975673237688193,-0.05148827735001474,0.5998513063812284,0.3571879468554414,0.04316928631651076
0.3730512396313561,0.009756784082991868,-0.052576317173850605,0.5998513059656652,0.36897683614806354,0.04539431075432409
0.3851070788608111,0.009756798647598323,-0.05356036929347123,0.599851305553716,0.38075210617403615,0.047690320359150565
0.3971629181702184,0.009756792048139161,-0.05445027790430044,0.59985130514577,0.3925133263581295,0.050057247452688455
0.40921875743143854,0.009756773688325686,-0.055254994905691,0.5998513047420009,0.4042600676877698,0.052495015288112824
0.42127459657331845,0.009756749112085624,-0.05598264397681123,0.5998513043424248,0.41599190231680794,0.05500354073662368
0.4333304355582914,0.00975672159216884,-0.0566405874709084,0.5998513039470286,0.4277084033308385,0.05758273585997766
0.4453862743686143,0.009756693060550376,-0.05723549212571317,0.5998513035557508,0.4394091446108789,0.060232508832053944
0.45744211299824405,0.009756664654016877,-0.057773391521595704,0.599851303168565,0.4510937007567861,0.06295276448021969
0.4694979514480223,0.009756637034784249,-0.05825974432536364,0.5998513027854857,0.4627616470468788,0.06574340460467153
0.4815537897228014,0.00975661057953892,-0.05869948798095233,0.5998513024064858,0.4744125594194595,0.06860432816808411
0.4936096278297144,0.009756585491464013,-0.0590970878508124,0.5998513020316047,0.4860460144675632,0.07153543140945581
0.5056654657771258,0.009756561867113722,-0.05945658199246689,0.5998513016608525,0.49766158944168476,0.07453660791359337
0.5177213035739849,0.009756539736744441,-0.05978162184255932,0.5998513012942515,0.5092588622573118,0.07760774865457844
0.5297771412294248,0.009756519088983453,-0.0600755091159854,0.5998513009318203,0.5208374115053515,0.08074874202393181
0.5418329787525096,0.009756499886186864,-0.06034122923405921,0.599851300573605,0.5323968164643019,0.08395947384972446
0.5538888161520769,0.00975648207421025,-0.06058148158626516,0.5998513002196318,0.5439366571134789,0.08723982741029514
0.5659446534366364,0.009756465588790682,-0.06079870691286852,0.5998512998698895,0.5554565141468745,0.09058968344473331
0.5780004906143085,0.009756450359812026,-0.06099511207529746,0.599851299524426,0.5669559689874089,0.09400892016137635
0.5900563276927898,0.00975643631423842,-0.061172692459320624,0.5998512991832217,0.57843460380142,0.09749741324509104
0.6021121646793343,0.00975642337816309,-0.06133325223509261,0.599851298846297,0.5898920015133007,0.10105503586377702
0.6141680015807485,0.009756411478266953,-0.06147842267774481,0.5998512985136351,0.6013277458202302,0.10468165867438231
0.6262238384033945,0.009756400542855752,-0.06160967873356654,0.599851298185232,0.6127414212069623,0.10837714982859539
0.6382796751532,0.009756390502596302,-0.06172835399937437,0.5998512978610567,0.6241326129606533,0.11214137497833335
0.6503355118356725,0.009756381291027533,-0.0618356542668845,0.5998512975410961,0.6355009071857081,0.11597419728109956
0.6623913484559162,0.009756372844899126,-0.06193266976946963,0.5998512972253008,0.646845890818641,0.11987547740526378
0.6744471850186513,0.009756365104376318,-0.06202038625557491,0.5998512969136576,0.6581671516429397,0.12384507353530176
0.6865030215282355,0.009756358013147236,-0.062099695001131154,0.5998512966061186,0.6694642783039267,0.12788284137703113
0.6985588579886841,0.009756351518448178,-0.0621714018626674,0.5998512963026413,0.6807368603236135,0.13198863416285736
0.7106146944036923,0.009756345571028644,-0.062236235462998384,0.5998512960031688,0.6919844881155447,0.13616230265705256
0.7226705307766557,0.009756340125072753,-0.06229485459257415,0.599851295707654,0.7032067529996262,0.14040369516108206
0.7347263671106913,0.009756335138083695,-0.06234785490167673,0.5998512954160454,0.7144032472169354,0.14471265751898607
0.7467822034086578,0.009756330570746622,-0.06239577495135767,0.599851295128292,0.7255735639445108,0.14908903312283098
0.7588380396731745,0.009756326386774056,-0.06243910168458139,0.5998512948443225,0.7367172973101171,0.15353266291823392
0.7708938759066399,0.009756322552742416,-0.06247827537310252,0.5998512945640909,0.7478340424069847,0.1580433854099687
0.7829497121112489,0.009756319037919072,-0.06251369409034907,0.5998512942875224,0.7589233953085214,0.16262103666765332
0.7950055482890084,0.009756315814096016,-0.0625457177556258,0.5998512940145709,0.7699849530829922,0.16726545033153226
0.807061384441754,0.009756312855416383,-0.06257467179084296,0.5998512937451557,0.7810183138081706,0.17197645761834288
0.8191172205711629,0.009756310138210303,-0.06260085042678071,0.5998512934792345,0.7920230765859528,0.1767538873272787
0.831173056678768,0.00975630764083677,-0.06262451969250807,0.5998512932167124,0.8029988415569406,0.18159756584604825
0.8432288927659691,0.009756305343526629,-0.06264592011836331,0.5998512929575656,0.8139452099149861,0.18650731715702304
0.855284728834046,0.00975630322824134,-0.06266526917983083,0.5998512927016943,0.8248617839217011,0.1914829628434898
0.8673405648841672,0.009756301278532028,-0.06268276350726891,0.5998512924490629,0.8357481669209272,0.1965243220959901
0.8793964009174008,0.009756299479411474,-0.06269858088382622,0.5998512921995908,0.8466039633531686,0.2016312117187612
0.8914522369347223,0.009756297817233762,-0.06271288205188572,0.5998512919532235,0.8574287787699825,0.20680344613627052
0.9035080729370237,0.009756296279580799,-0.0627258123463898,0.599851291709896,0.8682222198483321,0.21204083739984514
0.9155639089251205,0.009756294855157652,-0.06273750317161904,0.5998512914695557,0.878983894404897,0.21734319519439568
0.9276197448997585,0.009756293533696428,-0.06274807333642646,0.59985129123213,0.8897134114103404,0.2227103268452353
0.9396755808616201,0.009756292305865452,-0.06275763026151482,0.5998512909975766,0.9004103810035367,0.22814203732498997
0.95173141681133,0.009756291163187651,-0.0627662710709855,0.5998512907658202,0.9110744145057532,0.23363812926060365
0.9637872527494604,0.00975629009796512,-0.06277408357927078,0.5998512905368201,0.9217051244347892,0.23919840294043465
0.9758430886765358,0.009756289103208393,-0.06278114718348426,0.5998512903105088,0.9323021245190716,0.2448226563214424
0.9878989245930371,0.009756288172574859,-0.06278753367021539,0.5998512900868392,0.9428650297117034,0.2505106850364674
0.9999547604994057,0.00975628730030659,-0.06279330794504207,0.5998512898657469,0.9533934562044707,0.256262282401596
1.012010596396047,0.00975628648117946,-0.06279852869207049,0.5998512896471988,0.9638870214418003,0.2620772394236201
1.0240664322833342,0.009756285710454837,-0.0628032489702751,0.5998512894311194,0.9743453441346724,0.26795534480758315
1.03612226816161,0.009756284983833128,-0.06280751675269862,0.5998512892174834,0.9847680442744867,0.27389638496441254
1.0481781040311906,0.009756284297415301,-0.0628113754139376,0.5998512890062159,0.9951547431468807,0.27990014401864216
1.0602339398923672,0.009756283647664007,-0.06281486417093399,0.5998512887972931,1.005505063345501,0.285966403816219
1.072289775745409,0.009756283031371282,-0.06281801848149039,0.5998512885906474,1.0158186287857258,0.2920949439323979
1.0843456115905645,0.009756282445628237,-0.06282087040459532,0.5998512883862549,1.0260950647183387,0.29828554167972116
1.096401447428064,0.009756281887795292,-0.06282344892622846,0.5998512881840468,1.0363339977431543,0.3045379721160818
1.1084572832581203,0.009756281355478465,-0.06282578025390868,0.5998512879840014,1.046535055822592,0.31085200805287333
1.1205131190809317,0.00975628084650747,-0.06282788808301294,0.5998512877860566,1.0566978682952028,0.3172274200632234
1.1325689548966817,0.009756280358911686,-0.06282979383760164,0.5998512875901914,1.0668220658891432,0.3236639764903078
1.1446247907055418,0.009756279890905273,-0.06283151688810247,0.5998512873963457,1.0769072807355982,0.3301614434557527
1.1566806265076708,0.009756279440866447,-0.06283307474818915,0.5998512872045003,1.086953146382155,0.3367195848681129
1.1687364623032181,0.00975627900732342,-0.06283448325274824,0.5998512870145901,1.0969592978061233,0.3433381624314376
1.1807922980923224,0.0097562785889405,-0.0628357567187973,0.5998512868266102,1.106925371427802,0.3500169356539148
1.1928481338751145,0.009756278184505899,-0.06283690809097565,0.5998512866404914,1.1168510051236955,0.3567556618565986
1.2049039696517159,0.00975627779291835,-0.06283794907310782,0.5998512864562291,1.1267358382396757,0.363554096182214
1.216959805422242,0.00975627741317822,-0.06283889024712935,0.5998512862737554,1.13657951160409,0.37041199160404603
1.2290156411868003,0.009756277044377551,-0.06283974118062922,0.5998512860930709,1.146381667540815,0.3773290989349052
1.2410714769454934,0.009756276685689987,-0.06284051052409197,0.5998512859141111,1.1561419498822583,0.38430516683617383
1.253127312698417,0.009756276336366207,-0.06284120609878119,0.5998512857368757,1.165860003982299,0.39133994182693255
1.2651831484456626,0.009756275995724262,-0.06284183497624567,0.599851285561296,1.1755354767291806,0.39843316829316294
1.277238984187316,0.00975627566314196,-0.06284240355019331,0.5998512853873826,1.1851680165583418,0.4055845884970276
1.2892948199234593,0.009756275338056413,-0.06284291760142337,0.5998512852150645,1.1947572734651928,0.4127939425862349
1.30135065565417,0.009756275019952408,-0.06284338235662812,0.5998512850443541,1.2043028990178373,0.4200609686034701
1.3134064913795231,0.009756274708362276,-0.06284380254147029,0.5998512848751789,1.2138045463697325,0.4273854024959138
1.3254623270995887,0.009756274402858936,-0.06284418242863087,0.5998512847075587,1.2232618702722946,0.43476697812482934
1.3375181628144348,0.009756274103053145,-0.0628445258812209,0.5998512845414167,1.232674527087446,0.4422054272752316
1.3495739985241257,0.009756273808590992,-0.06284483639203305,0.5998512843767796,1.242042174800101,0.4497004796656291
1.361629834228724,0.009756273519147268,-0.06284511711906628,0.599851284213565,1.2513644730305973,0.45725186295784026
1.3736856699282889,0.009756273234426939,-0.06284537091758305,0.599851284051806,1.2606410830470627,0.46485930276688886
1.385741505622878,0.009756272954159198,-0.06284560036915506,0.5998512838914218,1.269871667777726,0.47252252267096984
1.3977973413125457,0.009756272678097136,-0.06284580780788192,0.5998512837324445,1.2790558918231643,0.4802412442214916
1.4098531769973464,0.009756272406013584,-0.062845995344129,0.599851283574793,1.2881934214684925,0.4880151869531919
1.4219090126773302,0.009756272137701522,-0.06284616488595506,0.5998512834185057,1.297283924695488,0.49584406839432615
1.4339648483525478,0.009756271872970818,-0.06284631815851656,0.5998512832634956,1.3063270711946575,0.5037276040769314
1.4460206840230463,0.009756271611646068,-0.06284645672160467,0.5998512831098086,1.315322532377239,0.511665507547158
1.458076519688873,0.009756271353567955,-0.06284658198547424,0.5998512829573556,1.3242699813871415,0.5196574903756814
1.4701323553500725,0.009756271098588797,-0.06284669522520299,0.5998512828061854,1.333169093112822,0.527703262168177
1.4821881910066892,0.009756270846572178,-0.06284679759364271,0.5998512826562049,1.3420195441991012,0.5358025305758726
1.494244026658765,0.009756270597393573,-0.06284689013312188,0.5998512825074711,1.3508210130589104,0.5439550013061701
1.5062998623063422,0.009756270350937271,-0.062846973786057,0.5998512823598864,1.359573179884979,0.5521603781333384
1.5183556979494603,0.009756270107096678,-0.0628470494045204,0.599851282213512,1.3682757266614554,0.5604183629092745
1.5304115335881596,0.009756269865773073,-0.062847117758904,0.5998512820682472,1.3769283371754617,0.5687286555743384
1.5424673692224775,0.009756269626875343,-0.06284717954574535,0.5998512819241593,1.385530697028584,0.5770909541682533
1.5545232048524524,0.009756269390318106,-0.06284723539481693,0.5998512817811424,1.394082493648298,0.5855049548410783
1.56657904047812,0.009756269156023591,-0.06284728587550628,0.5998512816392721,1.402583416299324,0.5939703518642482
1.578634876099517,0.009756268923918171,-0.06284733150262792,0.5998512814984354,1.411033156094922,0.602486837641682
1.5906907117166775,0.00975626869393355,-0.06284737274164111,0.5998512813587151,1.4194314060081115,0.6110541027209575
1.6027465473296367,0.009756268466006156,-0.06284741001338241,0.5998512812199928,1.4277778608828307,0.6196718358045582
1.6148023829384273,0.009756268240076882,-0.06284744369834196,0.5998512810823585,1.436072217445022,0.6283397237611813
1.626858218543083,0.009756268016089765,-0.0628474741405387,0.599851280945689,1.4443141743136558,0.6370574516371174
1.6389140541436353,0.009756267793993469,-0.06284750165100206,0.5998512808100795,1.4525034320116768,0.645824702667692
1.6509698897401168,0.009756267573738344,-0.06284752651095529,0.5998512806754016,1.4606396929768903,0.6546411582887778
1.6630257253325573,0.009756267355278445,-0.0628475489746545,0.5998512805417594,1.4687226615727713,0.663506498148366
1.6750815609209886,0.009756267138570748,-0.06284756927197796,0.5998512804090165,1.4767520440992088,0.6724204001182116
1.6871373965054393,0.009756266923574392,-0.06284758761076727,0.5998512802772858,1.484727548803175,0.6813825403055319
1.69919323208594,0.009756266710250486,-0.06284760417893968,0.5998512801464229,1.492648885889331,0.6903925930647805
1.7112490676625185,0.009756266498562696,-0.06284761914639198,0.5998512800165491,1.5005157675305518,0.6994502310094756
1.7233049032352044,0.00975626628847648,-0.06284763266673261,0.5998512798875134,1.508327907878389,0.7085551250240991
1.7353607388040244,0.009756266079959131,-0.06284764487884167,0.5998512797594465,1.5160850230734533,0.7177069442760522
1.7474165743690075,0.009756265872979116,-0.06284765590828689,0.599851279632187,1.5237868312557332,0.7269053562276786
1.759472409930179,0.009756265667506418,-0.06284766586859608,0.5998512795058777,1.531433052574833,0.7361500266483443
1.7715282454875674,0.009756265463513237,-0.06284767486240482,0.5998512793803467,1.5390234092001436,0.7454406196265871
1.7835840810411971,0.009756265260972015,-0.0628476829825155,0.5998512792557467,1.546557625330936,0.7547767975823161
1.795639916591096,0.0097562650598567,-0.06284769031282922,0.5998512791318974,1.5540354272063857,0.7641582212790833
1.8076957521372872,0.00975626486014274,-0.06284769692919838,0.5998512790089616,1.5614565431155154,0.7735845498364046
1.8197515876797978,0.009756264661805658,-0.06284770290020908,0.5998512788867495,1.5688207034070734,0.7830554407421513
1.831807423218651,0.009756264464823609,-0.06284770828785666,0.5998512787654353,1.576127640499325,0.7925705498649906
1.8438632587538728,0.00975626426917364,-0.06284771314820692,0.5998512786448164,1.5833770888897836,0.8021295314668941
1.855919094285485,0.00975626407483487,-0.06284771753193871,0.5998512785250815,1.5905687851648491,0.8117320382156955
1.8679749298135138,0.009756263881786494,-0.06284772148487583,0.5998512784060153,1.5977024680093872,0.8213777211977166
1.8800307653379802,0.009756263690008933,-0.06284772504844292,0.5998512782878194,1.6047778782162176,0.83106622993044
1.8920866008589095,0.009756263499483197,-0.06284772826009194,0.5998512781702657,1.611794758695538,0.8407972123752493
1.904142436376322,0.009756263310190331,-0.06284773115368708,0.5998512780535702,1.6187528544842615,0.8505703149502144
1.9161982718902424,0.009756263122112785,-0.06284773375983754,0.5998512779374912,1.625651912755285,0.8603851825429467
1.9282541074006907,0.009756262935233058,-0.06284773610622013,0.599851277822259,1.6324916828266707,0.8702414585234941
1.9403099429076909,0.00975626274953444,-0.0628477382178542,0.5998512777076171,1.6392719161707605,0.8801387847573074
1.9523657784112622,0.009756262565000225,-0.06284774011736248,0.5998512775938123,1.6459923664232017,0.8900768016182458
1.9644216139114286,0.00975626238161464,-0.0628477418251933,0.5998512774805727,1.652652789391902,0.9000551480016512
1.976477449408208,0.009756262199362362,-0.06284774335983262,0.599851277368161,1.6592529430658995,0.9100734613374621
1.9885332849016244,0.009756262018228002,-0.06284774473799619,0.599851277256288,1.6657925876241613,0.9201313776033956
2.000589120391695,0.009756261838196834,-0.06284774597479328,0.5998512771452366,1.67227148544429,0.9302285313381654
2.0126449558784434,0.009756261659254846,-0.06284774708388012,0.5998512770346979,1.678689401111166,0.9403645556547712
2.024700791361886,0.009756261481387708,-0.06284774807760737,0.599851276924974,1.685046101425494,0.9505390822538186
2.036756626842046,0.009756261304581902,-0.06284774896713616,0.5998512768157379,1.6913413554122845,0.9607517414369133
2.0488124623189394,0.009756261128823973,-0.06284774976255793,0.5998512767073109,1.6975749343292375,0.971002162120083
2.0608682977925894,0.009756260954100902,-0.06284775047299401,0.5998512765993465,1.7037466116750626,0.9812899718472714
2.072924133263011,0.00975626078039992,-0.06284775110668998,0.5998512764921867,1.7098561631977012,0.9916147968038609
2.0849799687302264,0.009756260607708539,-0.06284775167109934,0.5998512763854639,1.7159033669024826,1.0019762618302674
2.097035804194251,0.009756260436014767,-0.06284775217295763,0.5998512762795427,1.7218880030601824,1.0123739904355593
2.109091639655107,0.009756260265306028,-0.06284775261835984,0.5998512761740324,1.7278098542150149,1.02280760481115
2.121147475112808,0.009756260095570974,-0.0628477530128073,0.5998512760693224,1.7336687051925257,1.0332767258445132
2.133203310567376,0.009756259926798043,-0.06284775336127607,0.5998512759649967,1.7394643431074188,1.043780973132972
2.1452591460188257,0.009756259758975747,-0.06284775366826491,0.5998512758614715,1.7451965573712842,1.0543199649975061
2.157314981467178,0.009756259592093253,-0.06284775393783644,0.5998512757583031,1.750865139700257,1.064893318496636
2.169370816912446,0.009756259426139384,-0.06284775417366681,0.5998512756559364,1.7564698841225779,1.0755006494403208
2.1814266523546513,0.009756259261103573,-0.06284775437907518,0.5998512755538997,1.7620105869860856,1.0861415724039358
2.193482487793806,0.00975625909697539,-0.06284775455706161,0.599851275452667,1.7674870469656077,1.0968157007422592
2.2055383232299324,0.00975625893374389,-0.0628477547103429,0.599851275351736,1.7728990650702863,1.1075226466035384
2.217594158663041,0.009756258771399332,-0.06284775484136597,0.5998512752516135,1.7782464446507968,1.1182620209435652
2.2296499940931542,0.009756258609931843,-0.06284775495234436,0.5998512751517636,1.783528991406505,1.1290334335398313
2.2417058295202823,0.009756258449331248,-0.062847755045282,0.5998512750527281,1.7887465133925164,1.1398364930056868
2.2537616649444474,0.009756258289587854,-0.06284775512198698,0.5998512749539359,1.7938988210266607,1.1506708068045826
2.2658175003656593,0.009756258130691977,-0.06284775518409406,0.5998512748559646,1.7989857270963705,1.1615359812643116
2.2778733357839394,0.009756257972634132,-0.06284775523307984,0.5998512747582065,1.8040070467654934,1.1724316215913346
2.2899291711992973,0.009756257815405006,-0.06284775527027804,0.5998512746612784,1.808962597580999,1.1833573318851052
2.301985006611755,0.009756257658995083,-0.06284775529689626,0.5998512745645319,1.8138521994796182,1.1943127151524753
2.3140408420213205,0.009756257503395479,-0.06284775531402134,0.5998512744686257,1.8186756747943744,1.2052973733220982
2.326096677428016,0.009756257348597037,-0.06284775532263814,0.5998512743728694,1.823432848261052,1.216310907258916
2.3381525128318494,0.009756257194590529,-0.06284775532363777,0.599851274277965,1.8281235470245525,1.2273529167786386
2.3502083482328424,0.009756257041367221,-0.06284775531782197,0.5998512741831775,1.8327476006451855,1.2384230006623098
2.3622641836310025,0.009756256888918373,-0.06284775530591574,0.5998512740892553,1.837304841104853,1.249520756670859
2.3743200190263516,0.009756256737234912,-0.06284775528857722,0.5998512739954157,1.8417951028131634,1.2606457815597452
2.3863758544188958,0.009756256586308217,-0.06284775526639792,0.5998512739024571,1.8462182226134385,1.271797671093579
2.3984316898086573,0.009756256436129325,-0.06284775523991537,0.5998512738095456,1.850574039788653,1.2829760200608424
2.410487525195642,0.009756256286689805,-0.06284775520961135,0.599851273717532,1.8548623960672614,1.2941804222885807
2.422543360579872,0.00975625613798056,-0.06284775517592676,0.599851273625529,1.8590831356289637,1.3054104706571918
2.434599195961352,0.009756255989993098,-0.06284775513925546,0.5998512735344433,1.8632361051103512,1.3166657571151894
2.446655031340105,0.009756255842718485,-0.06284775509995703,0.5998512734433294,1.867321153610495,1.3279458726940598
2.458710866716135,0.009756255696148325,-0.06284775505835233,0.5998512733531545,1.8713381326964142,1.3392504075230909
2.470766702089464,0.009756255550273126,-0.06284775501474016,0.5998512732629114,1.8752868964084837,1.3505789508442971
2.4828225374600965,0.009756255405084131,-0.06284775496938484,0.5998512731736307,1.8791673012657237,1.361931091027312
2.494878372828055,0.009756255260572225,-0.0628477549225282,0.5998512730842401,1.8829792062710264,1.373306415584379
2.5069342081933415,0.009756255116728252,-0.0628477548743892,0.5998512729958382,1.8867224729162668,1.3847045111853025
2.5189900435559798,0.00975625497354276,-0.06284775482516818,0.5998512729072821,1.8903969651873478,1.3961249636725075
2.531045878915971,0.0097562548310062,-0.06284775477504698,0.5998512728197435,1.89400254956913,1.4075673580760444
2.543101714273339,0.00975625468910867,-0.06284775472419289,0.5998512727320048,1.8975390950502955,1.4190312786287125
2.5551575496280847,0.00975625454784017,-0.06284775467275787,0.5998512726453149,1.9010064731280958,1.4305163087811206
2.5672133849802323,0.00975625440719039,-0.0628477546208818,0.5998512725583766,1.9044045578130342,1.4420220312168706
2.5792692203297807,0.009756254267148387,-0.06284775456869615,0.5998512724725209,1.9077332256334296,1.4535480278676716
2.591325055676755,0.009756254127703267,-0.06284775451631941,0.5998512723863665,1.9109923556399184,1.4650938799285815
2.6033808910211533,0.009756253988843444,-0.06284775446386419,0.5998512723013315,1.9141818294098327,1.4766591678731722
2.615436726363001,0.009756253850556708,-0.06284775441143726,0.5998512722159445,1.9173015310515205,1.4882434714688273
2.6274925617022955,0.009756253712830521,-0.06284775435913777,0.5998512721317176,1.9203513472085396,1.4998463697919564
2.6395483970390625,0.009756253575651961,-0.06284775430705837,0.5998512720470814,1.9233311670637931,1.511467441243346
2.651604232373298,0.009756253439006548,-0.06284775425529528,0.5998512719636497,1.9262408823435413,1.5231062635634198
2.6636600677050284,0.009756253302879766,-0.06284775420393567,0.5998512718797492,1.9290803873213493,1.534762413847644
2.675715903034248,0.009756253167255806,-0.0628477541530687,0.5998512717971005,1.9318495788219148,1.5464354685618282
2.6877717383609854,0.009756253032118087,-0.06284775410278108,0.5998512717139202,1.9345483562248327,1.5581250035575838
2.699827573685232,0.009756252897448896,-0.06284775405316023,0.5998512716320425,1.9371766214682347,1.5698305940876638
2.711883409007018,0.009756252763229353,-0.06284775400429446,0.5998512715495674,1.939734279052369,1.5815518148214698
2.7239392443263326,0.009756252629438824,-0.06284775395627751,0.5998512714684499,1.9422212360430555,1.5932882398604318
2.7359950796432067,0.009756252496055376,-0.06284775390920451,0.5998512713866645,1.9446374020750772,1.6050394427535606
2.7480509149576293,0.009756252363055372,-0.062847753863175,0.5998512713062966,1.9469826893554485,1.6168049965128641
2.760106750269631,0.009756252230413417,-0.06284775381829295,0.5998512712251864,1.9492570126666209,1.6285844736289428
2.7721625855791987,0.009756252098101928,-0.06284775377466977,0.5998512711455573,1.951460289369565,1.6403774460864406
2.784218420886365,0.009756251966090855,-0.06284775373242577,0.599851271065108,1.953592439406788,1.6521834853796837
2.7962742561911145,0.00975625183434752,-0.0628477536916907,0.5998512709862082,1.955653385305228,1.6640021625281605
2.80833009149348,0.009756251702836618,-0.0628477536526027,0.5998512709064052,1.9576430521790844,1.6758330480922015
2.8203859267934455,0.009756251571519577,-0.06284775361531267,0.5998512708282254,1.9595613677325237,1.687675712188489
2.8324417620910443,0.009756251440354125,-0.06284775357998648,0.5998512707490543,1.961408262262323,1.699529724505774
2.844497597386257,0.00975625130929421,-0.06284775354680418,0.5998512706715858,1.9631836686603863,1.7113946543204113
2.856553432679119,0.009756251178289405,-0.06284775351596336,0.5998512705930321,1.9648875224162008,1.723270070512115
2.868609267969609,0.009756251047284607,-0.06284775348767983,0.5998512705162667,1.9665197616191634,1.7351555415795148
2.8806651032577624,0.009756250916219147,-0.06284775346219307,0.5998512704383167,1.968080326960849,1.747050635655947
2.892720938543555,0.00975625078502669,-0.06284775343976459,0.5998512703622465,1.9695691617371474,1.7589549205250317
2.9047767738270243,0.009756250653634271,-0.06284775342068366,0.5998512702848856,1.9709862118503434,1.7708679636364968
2.916832609108143,0.00975625052196178,-0.06284775340526863,0.5998512702095032,1.972331425811065,1.7827893321217712
2.9288884443869487,0.009756250389920949,-0.06284775339387226,0.5998512701327182,1.9736047547401714,1.794718592809841
2.9409442796634115,0.009756250257414814,-0.06284775338688267,0.5998512700580162,1.9748061523705152,1.806655312242859
2.9530001149375704,0.009756250124336601,-0.06284775338472887,0.5998512699817931,1.9759355750486378,1.8185990566920291
2.965055950209391,0.009756249990568568,-0.06284775338788597,0.599851269907765,1.9769929817363445,1.8305493921732259
2.9771117854789138,0.009756249855981265,-0.06284775339687673,0.59985126983209,1.9779783340122088,1.8425058844629103
2.9891676207461,0.009756249720431652,-0.06284775341228196,0.5998512697587298,1.9788915960729574,1.854468099113756
3.0012234560109907,0.009756249583762228,-0.06284775343474183,0.5998512696835889,1.9797327347347844,1.8664356014705925
3.0132792912735438,0.009756249445799125,-0.06284775346496539,0.5998512696108912,1.9805017194345476,1.8784079566860374
3.0253351265338,0.009756249306350604,-0.06284775350373596,0.5998512695362707,1.9811985222308914,1.890384729736462
3.0373909617917114,0.009756249165204938,-0.06284775355192085,0.5998512694642303,1.981823117805254,1.9023654854376286
3.0494467970473202,0.009756249022128492,-0.06284775361047851,0.5998512693901159,1.9823754834627985,1.9143497884606813
3.0615026323005727,0.009756248876863372,-0.0628477536804686,0.5998512693187281,1.9828555991332308,1.9263372033477795
3.0735584675515106,0.009756248729124443,-0.06284775376306602,0.5998512692451061,1.9832634473715414,1.938327294528111
3.085614302800074,0.00975624857859708,-0.06284775385956766,0.599851269174367,1.983599013358632,1.9503196263335247
3.0976701380463036,0.009756248424933708,-0.06284775397140836,0.599851269101223,1.983862284901866,1.962313763014562
3.1097259732901326,0.009756248267750315,-0.06284775410017537,0.5998512690311293,1.9840532524355077,1.9743092687560833
3.1217818085316007,0.009756248106622418,-0.06284775424762588,0.5998512689584485,1.9841719090210796,1.9863057076933197
3.133837643770632,0.009756247941081103,-0.06284775441570221,0.5998512688889973,1.9842182503476147,1.9983026439274887
3.1458934790072646,0.009756247770607997,-0.06284775460655412,0.5998512688167655,1.98419227473182,2.0102996415418635
3.157949314241413,0.009756247594630375,-0.06284775482255782,0.599851268747954,1.9840939831181412,2.0222962646173768
3.1700051494731123,0.009756247412514966,-0.0628477550663436,0.5998512686761567,1.9839233790787356,2.034292077248707
3.1820609847022654,0.009756247223561984,-0.06284775534081896,0.5998512686079831,1.983680468813349,2.0462866435598643
3.194116819928904,0.00975624702699769,-0.06284775564920121,0.5998512685366045,1.9833652611490928,2.058279527720293
3.2061726551529173,0.009756246821966718,-0.0628477559950489,0.599851268469068,1.9829777675401397,2.0702702939604394
3.2182284903743312,0.009756246607523276,-0.06284775638229909,0.5998512683980929,1.9825180020673052,2.0822585065878663
3.23028432559302,0.009756246382621864,-0.06284775681530494,0.5998512683311927,1.9819859814375569,2.094243730002799
3.2423401608090012,0.009756246146106377,-0.06284775729888259,0.5998512682606046,1.9813817249834047,2.106225528714255
3.2543959960221316,0.009756245896698478,-0.06284775783835925,0.599851268194341,1.9807052546622255,2.118203467355562
3.2664518312324193,0.00975624563298499,-0.06284775843962458,0.5998512681241241,1.9799565950554585,2.1301771107004983
3.2785076664396984,0.009756245353402705,-0.06284775910919768,0.5998512680584971,1.9791357733677495,2.142146023678786
3.2905635016439647,0.009756245056223403,-0.06284775985428602,0.5998512679886352,1.978242819425951,2.15410977139224
3.302619336845027,0.009756244739535954,-0.06284776068286177,0.5998512679236458,1.9772777656780836,2.1660679191302274
3.3146751720428647,0.009756244401226976,-0.06284776160374254,0.5998512678541218,1.976240647192147,2.1780200323858296
3.326731007237256,0.009756244038959059,-0.06284776262668362,0.5998512677897717,1.975131501654897,2.189965676871266
3.338786842428159,0.009756243650147628,-0.0628477637624722,0.5998512677205678,1.973950369370464,2.2019044185340637
3.3508426776153164,0.00975624323193427,-0.06284776502304074,0.5998512676568596,1.9726972932589535,2.2138358235724445
3.36289851279866,0.009756242781157777,-0.06284776642158767,0.5998512675879574,1.971372318854871,2.2257594584515017
3.374954347977888,0.009756242294322084,-0.06284776797271116,0.5998512675248943,1.9699754943055452,2.2376748899185475
3.3870101831529,0.009756241767560767,-0.06284776969255754,0.5998512674562744,1.9685068703693605,2.249581685019298
3.399066018323342,0.009756241196597843,-0.06284777159898478,0.5998512673938604,1.966966500414006,2.2614794111131737
3.4111218534890706,0.00975624057670408,-0.0628477737117462,0.5998512673255028,1.9653544404145187,2.2733676358894948
3.4231776886496705,0.009756239902649146,-0.06284777605268958,0.5998512672637423,1.9636707489513574,2.2852459273827326
3.4352335238049463,0.009756239168648317,-0.06284777864598051,0.599851267195626,1.9619154872082578,2.2971138539887157
3.4472893589544067,0.009756238368303817,-0.06284778151834704,0.599851267134524,1.9600887189701361,2.3089709844798283
3.459345194097791,0.00975623749453969,-0.06284778469935239,0.5998512670666273,1.9581905106207556,2.320816888021225
3.471401029234518,0.009756236539529856,-0.0628477882216957,0.5998512670061894,1.956220931140465,2.332651134185977
3.4834568643642454,0.009756235494618567,-0.06284779212154457,0.5998512669384888,1.9541800521036767,2.3444732929712955
3.4955126994862824,0.009756234350232339,-0.06284779643890333,0.5998512668787216,1.9520679476764455,2.3562829348136223
3.5075685346001864,0.00975623309578263,-0.0628478012180199,0.5998512668111923,1.9498846946137598,2.3680796306048646
3.5196243697051344,0.00975623171955809,-0.06284780650783647,0.5998512667521027,1.9476303722569632,2.3798629517074246
3.531680204800558,0.009756230208605506,-0.06284781236248711,0.5998512666847187,1.945305062530865,2.3916324699704505
3.543736039885475,0.009756228548597838,-0.06284781884185014,0.5998512666263137,1.94290884994101,2.403387757744802
3.5557918749591626,0.009756226723688454,-0.06284782601215776,0.5998512665590473,1.9404418215706087,2.4151283878993186
3.567847710020444,0.009756224716349937,-0.06284783394666972,0.5998512665013347,1.9379040670776624,2.4268539338357216
3.5799035450684062,0.009756222507195574,-0.06284784272642034,0.5998512664341559,1.9352956786917193,2.4385639695049015
3.591959380101636,0.009756220074781897,-0.06284785244104482,0.5998512663771435,1.9326167512108627,2.450258069421756
3.6040152151189857,0.009756217395390213,-0.06284786318969339,0.5998512663100198,1.9298673819982954,2.4619358086815017
3.616071050118756,0.009756214442785042,-0.0628478750820417,0.599851266253716,1.9270476709792022,2.473596762974445
3.6281268850995096,0.009756211187946734,-0.06284788823940989,0.5998512661866127,1.9241577206371685,2.485240508602325
3.6401827200591983,0.009756207598775485,-0.06284790279600187,0.5998512661310248,1.9211976360109266,2.4968666224930174
3.6522385549960283,0.009756203639764151,-0.06284791890027436,0.5998512660639042,1.9181675246906198,2.5084746822169164
3.6642943899075275,0.009756199271635733,-0.06284793671645558,0.5998512660090399,1.915067496814443,2.520064266001575
3.6763502247914643,0.0097561944509428,-0.06284795642622153,0.5998512659418599,1.9118976650647597,2.53163495274813
3.6884060596448496,0.009756189129623496,-0.06284797823055698,0.5998512658877264,1.9086581446646567,2.5431863220458846
3.7004618944649126,0.009756183254510683,-0.0628480023518111,0.5998512658204412,1.9053490533739252,2.5547179541887863
3.712517729248035,0.009756176766788272,-0.06284802903597626,0.5998512657670438,1.901970511485545,2.566229430189958
3.724573563990784,0.009756169601389727,-0.06284805855520882,0.599851265699603,1.8985226418215464,2.577720331798244
3.7366293986887738,0.009756161686331769,-0.06284809121062375,0.5998512656469457,1.8950055697294466,2.58919024151269
3.748685233337759,0.009756152941977136,-0.06284812733538615,0.5998512655792927,1.8914194230780108,2.600638742599182
3.760741067932415,0.009756143280217885,-0.0628481672981388,0.5998512655273771,1.8877643322536648,2.6120654191048858
3.772796902467501,0.009756132603571107,-0.06284821150679822,0.5998512654594489,1.88404043015618,2.6234698558749887
3.7848527369365477,0.009756120804177476,-0.06284826041276005,0.5998512654082728,1.8802478521950952,2.6348516385671252
3.79690857133309,0.009756107762691753,-0.06284831451556151,0.5998512653399987,1.8763867362853506,2.6462103536682466
3.80896440564926,0.009756093347053553,-0.06284837436804959,0.5998512652895557,1.8724572228437588,2.657545588509043
3.8210202398770923,0.009756077411125438,-0.06284844058210999,0.5998512652208554,1.868459454784623,2.6688569312809802
3.83307607400701,0.00975605979318327,-0.06284851383502267,0.5998512651711334,1.8643935775163032,2.680143971050746
3.8451319080292055,0.00975604031424272,-0.06284859487651225,0.5998512651019156,1.860259738936862,2.6914062977774895
3.8571877419320133,0.009756018776203728,-0.06284868453657141,0.5998512650528951,1.8560580894307817,2.702643502327326
3.8692435757033654,0.009755994959792336,-0.06284878373414735,0.5998512649830544,1.8517887818646939,2.7138551764908314
3.8812994093290416,0.009755968622277202,-0.06284889348678868,0.5998512649347069,1.8474519715843154,2.725040912997653
3.8933552427942013,0.009755939494935507,-0.06284901492136247,0.5998512648641222,1.8430478164103283,2.7362003055343136
3.9054110760814966,0.009755907280239508,-0.0628491492859673,0.5998512648164067,1.8385764766356205,2.747332948758991
3.9174669091726835,0.009755871648731504,-0.06284929796318461,0.5998512647449379,1.8340381150214011,2.7584384383197116
3.9295227420465855,0.009755832235551667,-0.06284946248482279,0.5998512646977988,1.8294328967948508,2.769516370869374
3.941578574680782,0.009755788636578059,-0.06284964454833486,0.5998512646252818,1.8247609896455776,2.78056634408443
3.9536344070494036,0.00975574040413313,-0.06284984603511316,0.5998512645786439,1.820022563723809,2.791587956680249
3.9656902391249,0.009755687042205329,-0.06285006903089009,0.5998512645048875,1.8152177916373247,2.802580808430414
3.977746070875649,0.009755628001127633,-0.0628503158485063,0.5998512644586517,1.8103468484503515,2.813544500182556
3.9898019022677973,0.009755562671646893,-0.06285058905334573,0.5998512643834302,1.8054099116811477,2.8244786338784245
4.001857733262662,0.009755490378309294,-0.06285089149177663,0.5998512643374676,1.8004071613018084,2.835382812570358
4.01391356381864,0.009755410372076213,-0.06285122632299281,0.5998512642605145,1.7953387797367222,2.846256640442338
4.025969393888377,0.009755321822073544,-0.06285159705470128,0.599851264214658,1.790204951863554,2.857099722827316
4.03802522342073,0.009755223806362696,-0.0628520075831775,0.5998512641356575,1.7850058650128624,2.867911666229511
4.050081052357678,0.009755115301605333,-0.06285246223828848,0.5998512640896929,1.7797417089706062,2.8786920783428926
4.062136880636327,0.009754995171474542,-0.06285296583418079,0.5998512640082677,1.7744126759792997,2.8894405680750763
4.07419270818552,0.009754862153641793,-0.06285352372644923,0.5998512639619229,1.7690189607424958,2.9001567455673456
4.086248534927864,0.009754714845141885,-0.06285414187674053,0.5998512638776213,1.763560760427986,2.9108402222206085
4.098304360775993,0.00975455168588566,-0.06285482692591314,0.5998512638305508,1.758038274674867,2.921490610717491
4.110360185634592,0.009754370940050184,-0.06285558627708585,0.5998512637428298,1.7524517055994702,2.9321075250509865
4.1224160093962565,0.009754170675029511,-0.06285642819015187,0.5998512636945965,1.74680125780583,2.9426905805493346
4.134471831943472,0.009753948737570241,-0.06285736188965288,0.5998512636028005,1.7410871383952935,2.9532393939082344
4.146527653143995,0.009753702726645495,-0.06285839768828894,0.5998512635528531,1.7353095569815327,2.9637535832195105
4.158583472852734,0.00975342996253243,-0.06285954712882683,0.5998512634561879,1.7294687257051713,2.9742327680081004
4.170639290906558,0.009753127451448188,-0.06286082314778425,0.5998512634038312,1.7235648592549726,2.984676569265946
4.182695107126,0.009752791844959814,-0.0628622402650529,0.5998512633013294,1.7175981748894238,2.9950846094954966
4.194750921309372,0.00975241939320596,-0.06286381480464313,0.5998512632456874,1.7115688924664907,3.0054565127509276
4.206806733234168,0.009752005890737745,-0.06286556515307154,0.5998512631361657,1.7054772344750868,3.0157919046907473
4.218862542650322,0.009751546613485781,-0.06286751206368453,0.5998512630761328,1.699323426077051,3.026090412629523
4.230918349281151,0.009751036244960164,-0.06286967901760522,0.5998512629581355,1.6931076951530644,3.036351665603603
4.242974152815506,0.009750468789254675,-0.0628720926552402,0.5998512628923126,1.686830272362701,3.0465752944383757
4.255029952908007,0.009749837467694351,-0.06287478329678171,0.5998512627640364,1.6804913912123012,3.056760931833579
4.267085749169746,0.009749134594959463,-0.06287778557640311,0.5998512626906448,1.6740912881429242,3.0669082124544813
4.279141541167413,0.009748351429112343,-0.06288113922369155,0.5998512625498374,1.6676302026331788,3.077016773047834
4.291197328412022,0.009747477987976679,-0.06288489003842182,0.5998512624665974,1.6611083773325688,3.0870862525717135
4.3032531103562865,0.009746502821509071,-0.06288909112276203,0.5998512623104111,1.6545260582230117,3.0971162923620996
4.315308886380487,0.009745412725796865,-0.062893804460823,0.5998512622143676,1.6478834948302652,3.107106536328771
4.327364655787004,0.00974419237857698,-0.0628991029726194,0.5998512620391416,1.6411809404895055,3.1170566312105445
4.339420417781807,0.00974282386795987,-0.06290507322284378,0.5998512619263924,1.6344186526983884,3.1269662268904734
4.351476171464138,0.009741286074318647,-0.06291181904108077,0.5998512617273073,1.6275968935760838,3.1368349768149377
4.363531915800839,0.009739553848696195,-0.06291946641799259,0.5998512615925592,1.6207159304841223,3.1466625385347013
4.37558764960738,0.009737596907803327,-0.06292817019276548,0.5998512613630556,1.6137760368566385,3.1564485744391053
4.387643371509662,0.009735378333623814,-0.06293812325346906,0.5998512611988579,1.606777493338453,3.1661927527370857
4.399699079908925,0.009732852522540967,-0.06294956924660584,0.599851260929615,1.5997205893334052,3.175894748807639
4.411754772920459,0.009729962373023218,-0.06296282014236683,0.5998512607249964,1.5926056251354663,3.1855542470395064
4.423810448307605,0.00972663543224859,-0.06297828042059472,0.5998512604021147,1.5854329148343334,3.195170943369875
4.435866103376586,0.00972277864493782,-0.06299648008818058,0.5998512601401831,1.5782027902730142,3.2047445487439
4.447921734850788,0.009718271274927722,-0.06301811910638615,0.5998512597420625,1.5709156063504195,3.2142747938168026
4.459977338682164,0.009712955529942852,-0.06304412587813181,0.5998512593960665,1.563571748016596,3.2237614352121673
4.472032909812712,0.009706624465544099,-0.06307573182625079,0.5998512588886492,1.5561716392244729,3.233204263682927
4.484088441833149,0.009699006963337514,-0.0631145621481594,0.599851258416632,1.548715753956469,3.2426031143484297
4.496143926545282,0.009689750098754463,-0.06316273866929752,0.5998512577481193,1.54120462899531,3.2519578789083203
4.508199353368015,0.009678400187136664,-0.06322298333654273,0.5998512570890208,1.533638877402662,3.2612685190543385
4.52025470859993,0.009664385338310006,-0.06329869968610637,0.5998512561895578,1.5260192004727806,3.270535079328556
4.532309974500734,0.009647004403728024,-0.06339399540102474,0.5998512552695862,1.5183463944695244,3.2797576962158046
4.544365128266905,0.009625429345216405,-0.06351359549625755,0.5998512540678266,1.5106213468973901,3.2889365987811914
4.556420140973663,0.009598729355270025,-0.06366259014149223,0.5998512528298438,1.502845016292337,3.2980720950592466
4.568474976731208,0.009565924192942278,-0.06384597344182262,0.599851251294811,1.4950183903273162,3.307164538801624
4.58052959232884,0.009526070110659675,-0.06406796636195831,0.5998512497473157,1.4871424203299026,3.316214273639084
4.592583937784542,0.009478374742454018,-0.06433117358633002,0.5998512479337734,1.479217935574544,3.3252215563568126
4.604637958094265,0.009422329773077382,-0.06463567962847207,0.5998512461795213,1.4712455463067395,3.3341864660748914
4.616691596392722,0.009357845649904623,-0.06497821576863036,0.599851244230227,1.463225547534906,3.3431088095409054
4.628744798380024,0.009285373377525875,-0.0653515105174077,0.5998512424416879,1.4551578347889784,3.3519880325203872
4.640797517680748,0.009206003921679575,-0.06574388161918276,0.5998512405460419,1.4470418386732324,3.3608231439324228
4.652849721496691,0.0091215429892681,-0.06613906417509437,0.5998512389234704,1.4388764796705287,3.3696126545285305
4.664901395909827,0.009034564903254784,-0.06651622241215739,0.5998512372903161,1.4306601402823094,3.378354527885735
4.676952550069481,0.008948452499396086,-0.06685007201370098,0.5998512360610424,1.4223906494937246,3.387046139044378
4.689003218614702,0.008867430639095519,-0.06711104158185723,0.5998512349389912,1.4140652742374358,3.3956842355092296
4.7010534615663016,0.00879660008737232,-0.06726541537246666,0.5998512344541448,1.4056807134810054,3.4042648955960795
4.713103360977882,0.008741977205429411,-0.06727541530156878,0.599851233985262,1.397233091692307,3.4127834798553667
4.725153013371853,0.008710543948895116,-0.06709919179090758,0.5998512362034343,1.3887179495072643,3.421234571644598
4.7372025169589715,0.008710312698904665,-0.06669069544600978,0.5998512286640054,1.3801302296069058,3.4296119027656835
4.749251951687704,0.008750412547285976,-0.0659993872281187,0.5998512836637866,1.3714642552361869,3.437908257817031
4.761301352370784,0.00884121081687837,-0.06496969109010195,0.5998509840363939,1.362713692560517,3.446115347092792
4.7733506578511555,0.008994505991805865,-0.06353992303861547,0.5998527574080431,1.3538714857913363,3.454223609398633
4.7853997070840935,0.009223912139716808,-0.06163978321497342,0.5998422341159325,1.3449296342539647,3.462221903347488
4.797447794405218,0.009545931847330035,-0.05918257411002711,0.5998967963627805,1.3358788393733718,3.470096388107664
4.809495177503833,0.009985490417565801,-0.05602253060634216,-5.102467760420559e-06,1.326703746496458,3.477827384022417
