s,curvature,psi_curve,initial_pathTheta,terminal_pathTheta,x,y
0.0,0.5,0.0,0,3.9269908169872414,0.0,0.0
0.01,0.5,0.005,0,3.9269908169872414,0.009999875000260417,4.999979166692708e-05
0.02,0.5,0.01,0,3.9269908169872414,0.01999937500442707,0.00014999812500859374
0.03,0.5,0.015,0,3.9269908169872414,0.02999825002552066,0.0002999925000718746
0.04,0.5,0.02,0,3.9269908169872414,0.039996250092186436,0.0004999791670052055
0.05,0.5,0.025,0,3.9269908169872414,0.04999312525494347,0.0007499531261523289
0.06,0.5,0.03,0,3.9269908169872414,0.05998862559243334,0.0010499081281772852
0.07,0.5,0.035,0,3.9269908169872414,0.06998250121766823,0.0013998366742206474
0.08,0.5,0.04,0,3.9269908169872414,0.079974502284278,0.0017997300160869888
0.09,0.5,0.045,0,3.9269908169872414,0.08996437899275643,0.0022495781564635907
0.1,0.5,0.05,0,3.9269908169872414,0.09995188159670611,0.0027493698491703744
0.11,0.5,0.055,0,3.9269908169872414,0.10993676040908208,0.0032990925994410515
0.12,0.5,0.06,0,3.9269908169872414,0.11991876580843412,0.003898732664235497
0.13,0.5,0.065,0,3.9269908169872414,0.12989764824514713,0.004548275052583324
0.14,0.5,0.07,0,3.9269908169872414,0.13987315824767993,0.005247703525958653
0.15,0.5,0.075,0,3.9269908169872414,0.14984504642880198,0.005997000598686074
0.16,0.5,0.08,0,3.9269908169872414,0.15981306349182817,0.006796147538377802
0.17,0.5,0.085,0,3.9269908169872414,0.16977696023685107,0.007645124366401963
0.18,0.5,0.09,0,3.9269908169872414,0.179736487566971,0.008543909858382073
0.19,0.5,0.095,0,3.9269908169872414,0.18969139649452346,0.009492481544727647
0.2,0.5,0.1,0,3.9269908169872414,0.19964143814730373,0.010490815711195929
0.21,0.5,0.105,0,3.9269908169872414,0.20958636377478868,0.011538887399484752
0.22,0.5,0.11,0,3.9269908169872414,0.21952592475435564,0.012636670407856501
0.23,0.5,0.115,0,3.9269908169872414,0.2294598725974978,0.01378413729179314
0.24,0.5,0.12,0,3.9269908169872414,0.23938795895603646,0.014981259364682331
0.25,0.5,0.125,0,3.9269908169872414,0.24930993562832976,0.01622800669853461
0.26,0.5,0.13,0,3.9269908169872414,0.25922555456547763,0.017524348124731557
0.27,0.5,0.135,0,3.9269908169872414,0.2691345678775231,0.01887025123480504
0.28,0.5,0.14,0,3.9269908169872414,0.2790367278396495,0.02026568238124741
0.29,0.5,0.145,0,3.9269908169872414,0.2889317868983734,0.021710606678352666
0.3,0.5,0.15,0,3.9269908169872414,0.29881949767773386,0.02320498800308866
0.31,0.5,0.155,0,3.9269908169872414,0.30869961298547627,0.024748788996000096
0.32,0.5,0.16,0,3.9269908169872414,0.31857188581923257,0.026341971062142557
0.33,0.5,0.165,0,3.9269908169872414,0.32843606937269604,0.027984494372047367
0.34,0.5,0.17,0,3.9269908169872414,0.3382919170417917,0.02967631786271733
0.35000000000000003,0.5,0.17500000000000002,0,3.9269908169872414,0.348139182430841,0.03141739923865329
0.36,0.5,0.18,0,3.9269908169872414,0.3579776193587222,0.033207694972911525
0.37,0.5,0.185,0,3.9269908169872414,0.36780698186502453,0.03504716030819194
0.38,0.5,0.19,0,3.9269908169872414,0.37762702421619726,0.036935749257956944
0.39,0.5,0.195,0,3.9269908169872414,0.38743750091169304,0.03887341460758117
0.4,0.5,0.2,0,3.9269908169872414,0.3972381666901055,0.04086010791553178
0.41000000000000003,0.5,0.20500000000000002,0,3.9269908169872414,0.40702877653530056,0.04289577951457956
0.42,0.5,0.21,0,3.9269908169872414,0.416809085682542,0.04498037851304055
0.43,0.5,0.215,0,3.9269908169872414,0.4265788496246106,0.04711385279604837
0.44,0.5,0.22,0,3.9269908169872414,0.43633782411791666,0.04929614902685707
0.45,0.5,0.225,0,3.9269908169872414,0.4460857651886061,0.051527212648174524
0.46,0.5,0.23,0,3.9269908169872414,0.45582242913865983,0.05380698788352641
0.47000000000000003,0.5,0.23500000000000001,0,3.9269908169872414,0.46554757255198626,0.056135417738650585
0.48,0.5,0.24,0,3.9269908169872414,0.4752609523005065,0.05851244400292192
0.49,0.5,0.245,0,3.9269908169872414,0.4849623255502329,0.06093800725080765
0.5,0.5,0.25,0,3.9269908169872414,0.4946514497673393,0.06341204684335287
0.51,0.5,0.255,0,3.9269908169872414,0.5043280827242251,0.06593450092969666
0.52,0.5,0.26,0,3.9269908169872414,0.5139919825055703,0.06850530644861821
0.53,0.5,0.265,0,3.9269908169872414,0.5236429075143836,0.07112439913011347
0.54,0.5,0.27,0,3.9269908169872414,0.5332806164780425,0.07379171349700178
0.55,0.5,0.275,0,3.9269908169872414,0.5429048684543248,0.07650718286656291
0.56,0.5,0.28,0,3.9269908169872414,0.5525154228374326,0.07927073935220405
0.5700000000000001,0.5,0.28500000000000003,0,3.9269908169872414,0.5621120393640067,0.08208231386515699
0.58,0.5,0.29,0,3.9269908169872414,0.5716944781191335,0.08494183611620532
0.59,0.5,0.295,0,3.9269908169872414,0.5812624995423437,0.08784923461744175
0.6,0.5,0.3,0,3.9269908169872414,0.5908158644335997,0.09080443668405515
0.61,0.5,0.305,0,3.9269908169872414,0.600354333959277,0.09380736843614776
0.62,0.5,0.31,0,3.9269908169872414,0.6098776696581341,0.0968579548005822
0.63,0.5,0.315,0,3.9269908169872414,0.6193856334472746,0.09995611951285822
0.64,0.5,0.32,0,3.9269908169872414,0.628877987628099,0.1031017851190194
0.65,0.5,0.325,0,3.9269908169872414,0.6383544948922472,0.10629487297758942
0.66,0.5,0.33,0,3.9269908169872414,0.647814918327531,0.10953530326153811
0.67,0.5,0.335,0,3.9269908169872414,0.6572590214238575,0.11282299496027715
0.68,0.5,0.34,0,3.9269908169872414,0.666686568079141,0.1161578658816853
0.6900000000000001,0.5,0.34500000000000003,0,3.9269908169872414,0.676097322605206,0.11953983265416321
0.7000000000000001,0.5,0.35000000000000003,0,3.9269908169872414,0.6854910497336798,0.12296881072871772
0.71,0.5,0.355,0,3.9269908169872414,0.6948675146218732,0.12644471438107552
0.72,0.5,0.36,0,3.9269908169872414,0.7042264828586526,0.12996745671382642
0.73,0.5,0.365,0,3.9269908169872414,0.7135677204702994,0.13353694965859553
0.74,0.5,0.37,0,3.9269908169872414,0.7228909939263597,0.13715310397824515
0.75,0.5,0.375,0,3.9269908169872414,0.7321960701454828,0.14081582926910563
0.76,0.5,0.38,0,3.9269908169872414,0.741482716501248,0.14452503396323546
0.77,0.5,0.385,0,3.9269908169872414,0.7507507008279798,0.14828062533071049
0.78,0.5,0.39,0,3.9269908169872414,0.7599997914265529,0.1520825094819421
0.79,0.5,0.395,0,3.9269908169872414,0.7692297570701842,0.15593059137002455
0.8,0.5,0.4,0,3.9269908169872414,0.778440367010213,0.15982477479311105
0.81,0.5,0.405,0,3.9269908169872414,0.7876313909818707,0.16376496239681887
0.8200000000000001,0.5,0.41000000000000003,0,3.9269908169872414,0.7968025992100368,0.1677510556766631
0.8300000000000001,0.5,0.41500000000000004,0,3.9269908169872414,0.8059537624149832,0.17178295498051938
0.84,0.5,0.42,0,3.9269908169872414,0.8150846518181062,0.17586055951111504
0.85,0.5,0.425,0,3.9269908169872414,0.8241950391476466,0.1799837673285493
0.86,0.5,0.43,0,3.9269908169872414,0.8332846966443954,0.1841524753528414
0.87,0.5,0.435,0,3.9269908169872414,0.8423533970673888,0.18836657936650789
0.88,0.5,0.44,0,3.9269908169872414,0.8514009136995884,0.19262597401716788
0.89,0.5,0.445,0,3.9269908169872414,0.8604270203535497,0.19693055282017696
0.9,0.5,0.45,0,3.9269908169872414,0.8694314913770764,0.20128020816128928
0.91,0.5,0.455,0,3.9269908169872414,0.878414101658862,0.2056748312993478
0.92,0.5,0.46,0,3.9269908169872414,0.8873746266341173,0.210114312369003
0.93,0.5,0.465,0,3.9269908169872414,0.8963128422901845,0.21459854038345935
0.9400000000000001,0.5,0.47000000000000003,0,3.9269908169872414,0.9052285251721378,0.21912740323725005
0.9500000000000001,0.5,0.47500000000000003,0,3.9269908169872414,0.9141214523883695,0.22370078770903962
0.96,0.5,0.48,0,3.9269908169872414,0.9229914016161622,0.22831857946445439
0.97,0.5,0.485,0,3.9269908169872414,0.9318381511072475,0.2329806630589411
0.98,0.5,0.49,0,3.9269908169872414,0.9406614796933488,0.2376869219406527
0.99,0.5,0.495,0,3.9269908169872414,0.9494611667917109,0.2424372384533622
1.0,0.5,0.5,0,3.9269908169872414,0.9582369924106147,0.24723149383940424
1.01,0.5,0.505,0,3.9269908169872414,0.9669887371548767,0.2520695682426438
1.02,0.5,0.51,0,3.9269908169872414,0.9757161822313342,0.2569513407114729
1.03,0.5,0.515,0,3.9269908169872414,0.9844191094543149,0.261876689201834
1.04,0.5,0.52,0,3.9269908169872414,0.9930973012510914,0.26684549058027135
1.05,0.5,0.525,0,3.9269908169872414,1.0017505406673208,0.27185762062700936
1.06,0.5,0.53,0,3.9269908169872414,1.0103786113724684,0.2769129540390578
1.07,0.5,0.535,0,3.9269908169872414,1.018981297665216,0.2820113644333448
1.08,0.5,0.54,0,3.9269908169872414,1.0275583844788543,0.28715272434987593
1.09,0.5,0.545,0,3.9269908169872414,1.0361096573866595,0.2923369052549211
1.1,0.5,0.55,0,3.9269908169872414,1.0446349026072546,0.2975637775442277
1.11,0.5,0.555,0,3.9269908169872414,1.0531339070099528,0.3028332105462607
1.12,0.5,0.56,0,3.9269908169872414,1.061606458120087,0.3081450725254696
1.1300000000000001,0.5,0.5650000000000001,0,3.9269908169872414,1.0700523441243206,0.3134992306855814
1.1400000000000001,0.5,0.5700000000000001,0,3.9269908169872414,1.0784713538759434,0.31889555117292107
1.1500000000000001,0.5,0.5750000000000001,0,3.9269908169872414,1.08686327690015,0.3243338990797575
1.16,0.5,0.58,0,3.9269908169872414,1.0952279033993018,0.32981413844767615
1.17,0.5,0.585,0,3.9269908169872414,1.103565024258172,0.3353361322709784
1.18,0.5,0.59,0,3.9269908169872414,1.1118744310491737,0.34089974250010624
1.19,0.5,0.595,0,3.9269908169872414,1.1201559160375696,0.3465048300450937
1.2,0.5,0.6,0,3.9269908169872414,1.1284092721866663,0.3521512547790441
1.21,0.5,0.605,0,3.9269908169872414,1.13663429316299,0.3578388755416331
1.22,0.5,0.61,0,3.9269908169872414,1.144830773341445,0.36356755014263786
1.23,0.5,0.615,0,3.9269908169872414,1.1529985078104532,0.36933713536549184
1.24,0.5,0.62,0,3.9269908169872414,1.1611372923770786,0.3751474869708649
1.25,0.5,0.625,0,3.9269908169872414,1.1692469235721308,0.3809984597002695
1.26,0.5,0.63,0,3.9269908169872414,1.1773271986552523,0.38688990727969225
1.27,0.5,0.635,0,3.9269908169872414,1.1853779156199868,0.3928216824232504
1.28,0.5,0.64,0,3.9269908169872414,1.1933988731988299,0.3987936368368743
1.29,0.5,0.645,0,3.9269908169872414,1.2013898708682593,0.4048056212220147
1.3,0.5,0.65,0,3.9269908169872414,1.2093507088537498,0.4108574852793751
1.31,0.5,0.655,0,3.9269908169872414,1.2172811881347665,0.41694907771266926
1.32,0.5,0.66,0,3.9269908169872414,1.22518111044974,0.4230802462324036
1.33,0.5,0.665,0,3.9269908169872414,1.2330502783010244,0.42925083755968446
1.34,0.5,0.67,0,3.9269908169872414,1.2408884949598329,0.43546069743005006
1.35,0.5,0.675,0,3.9269908169872414,1.2486955644711573,0.4417096705973271
1.36,0.5,0.68,0,3.9269908169872414,1.2564712916586664,0.4479976008375118
1.37,0.5,0.685,0,3.9269908169872414,1.264215482129586,0.45432433095267566
1.3800000000000001,0.5,0.6900000000000001,0,3.9269908169872414,1.271927942279557,0.46068970277489535
1.3900000000000001,0.5,0.6950000000000001,0,3.9269908169872414,1.2796084792974778,0.46709355717020684
1.4000000000000001,0.5,0.7000000000000001,0,3.9269908169872414,1.2872569011703228,0.47353573404258376
1.41,0.5,0.705,0,3.9269908169872414,1.2948730166879432,0.4800160723379397
1.42,0.5,0.71,0,3.9269908169872414,1.3024566354478482,0.48653441004815506
1.43,0.5,0.715,0,3.9269908169872414,1.3100075678599636,0.49309058421512647
1.44,0.5,0.72,0,3.9269908169872414,1.3175256251513725,0.4996844309348412
1.45,0.5,0.725,0,3.9269908169872414,1.3250106193710343,0.5063157853614747
1.46,0.5,0.73,0,3.9269908169872414,1.332462363394483,0.5129844817115117
1.47,0.5,0.735,0,3.9269908169872414,1.3398806709285063,0.5196903532678907
1.48,0.5,0.74,0,3.9269908169872414,1.3472653565158021,0.5264332323841722
1.49,0.5,0.745,0,3.9269908169872414,1.3546162355396156,0.5332129504887293
1.5,0.5,0.75,0,3.9269908169872414,1.3619331242283539,0.5400293380889627
1.51,0.5,0.755,0,3.9269908169872414,1.3692158396601808,0.5468822247755373
1.52,0.5,0.76,0,3.9269908169872414,1.37646419976759,0.5537714392266428
1.53,0.5,0.765,0,3.9269908169872414,1.383678023341956,0.5606968092122768
1.54,0.5,0.77,0,3.9269908169872414,1.3908571300380657,0.5676581615985504
1.55,0.5,0.775,0,3.9269908169872414,1.398001340378625,0.5746553223520164
1.56,0.5,0.78,0,3.9269908169872414,1.4051104757587476,0.5816881165440205
1.57,0.5,0.785,0,3.9269908169872414,1.4121843584504197,0.5887563683550742
1.58,0.5,0.79,0,3.9269908169872414,1.419222811606942,0.5958599010792502
1.59,0.5,0.795,0,3.9269908169872414,1.4262256592673526,0.6029985371286006
1.6,0.5,0.8,0,3.9269908169872414,1.4331927263608242,0.6101720980375959
1.61,0.5,0.805,0,3.9269908169872414,1.4401238387110427,0.6173804044675869
1.62,0.5,0.81,0,3.9269908169872414,1.44701882304056,0.6246232762112883
1.6300000000000001,0.5,0.8150000000000001,0,3.9269908169872414,1.4538775069751275,0.6319005321972838
1.6400000000000001,0.5,0.8200000000000001,0,3.9269908169872414,1.4606997190480036,0.6392119904945528
1.6500000000000001,0.5,0.8250000000000001,0,3.9269908169872414,1.467485288704242,0.6465574683170185
1.6600000000000001,0.5,0.8300000000000001,0,3.9269908169872414,1.4742340463049546,0.6539367820281182
1.67,0.5,0.835,0,3.9269908169872414,1.4809458231315529,0.6613497471453931
1.68,0.5,0.84,0,3.9269908169872414,1.487620451389966,0.6687961783451016
1.69,0.5,0.845,0,3.9269908169872414,1.494257764214835,0.6762758894668517
1.7,0.5,0.85,0,3.9269908169872414,1.5008575956736847,0.6837886935182547
1.71,0.5,0.855,0,3.9269908169872414,1.5074197807710727,0.6913344026796006
1.72,0.5,0.86,0,3.9269908169872414,1.5139441554527133,0.6989128283085533
1.73,0.5,0.865,0,3.9269908169872414,1.520430556609579,0.7065237809448669
1.74,0.5,0.87,0,3.9269908169872414,1.5268788220819791,0.7141670703151219
1.75,0.5,0.875,0,3.9269908169872414,1.5332887906636123,0.7218425053374822
1.76,0.5,0.88,0,3.9269908169872414,1.5396603021055981,0.7295498941264719
1.77,0.5,0.885,0,3.9269908169872414,1.5459931971204823,0.7372890439977727
1.78,0.5,0.89,0,3.9269908169872414,1.5522873173862193,0.745059761473041
1.79,0.5,0.895,0,3.9269908169872414,1.5585425055501303,0.7528618522847444
1.8,0.5,0.9,0,3.9269908169872414,1.564758605232837,0.7606951213810192
1.81,0.5,0.905,0,3.9269908169872414,1.570935461032171,0.768559372930546
1.82,0.5,0.91,0,3.9269908169872414,1.577072918527059,0.7764544103274456
1.83,0.5,0.915,0,3.9269908169872414,1.5831708242813836,0.7843800361961941
1.84,0.5,0.92,0,3.9269908169872414,1.589229025847818,0.7923360523965578
1.85,0.5,0.925,0,3.9269908169872414,1.5952473717716393,0.8003222600285459
1.86,0.5,0.93,0,3.9269908169872414,1.6012257115945123,0.8083384594373837
1.87,0.5,0.935,0,3.9269908169872414,1.607163895858253,0.8163844502185034
1.8800000000000001,0.5,0.9400000000000001,0,3.9269908169872414,1.613061776108564,0.8244600312225545
1.8900000000000001,0.5,0.9450000000000001,0,3.9269908169872414,1.6189192048987462,0.8325650005604326
1.9000000000000001,0.5,0.9500000000000001,0,3.9269908169872414,1.624736035793385,0.8406991556083263
1.9100000000000001,0.5,0.9550000000000001,0,3.9269908169872414,1.630512123372011,0.8488622930127832
1.92,0.5,0.96,0,3.9269908169872414,1.6362473232327355,0.857054208695793
1.93,0.5,0.965,0,3.9269908169872414,1.6419414919958608,0.8652746978598906
1.94,0.5,0.97,0,3.9269908169872414,1.6475944873074644,0.8735235549932752
1.95,0.5,0.975,0,3.9269908169872414,1.6532061678429577,0.8818005738749477
1.96,0.5,0.98,0,3.9269908169872414,1.6587763933106199,0.8901055475798674
1.97,0.5,0.985,0,3.9269908169872414,1.6643050244551043,0.8984382684841241
1.98,0.5,0.99,0,3.9269908169872414,1.6697919230609202,0.9067985282701293
1.99,0.5,0.995,0,3.9269908169872414,1.6752369519558883,0.9151861179318237
2.0,0.5,1.0,0,3.9269908169872414,1.6806399750145697,0.9236008277799027
2.0100000000000002,0.5,1.0050000000000001,0,3.9269908169872414,1.6860008571616696,0.9320424474470584
2.02,0.5,1.01,0,3.9269908169872414,1.691319464375413,0.9405107658932385
2.0300000000000002,0.5,1.0150000000000001,0,3.9269908169872414,1.6965956636908972,0.9490055714109233
2.04,0.5,1.02,0,3.9269908169872414,1.7018293232034136,0.9575266516304168
2.05,0.5,1.025,0,3.9269908169872414,1.7070203120717473,0.9660737935251575
2.06,0.5,1.03,0,3.9269908169872414,1.712168500521447,0.9746467834170438
2.07,0.5,1.035,0,3.9269908169872414,1.7172737598480692,0.983245406981774
2.08,0.5,1.04,0,3.9269908169872414,1.722335962420397,0.9918694492542076
2.09,0.5,1.045,0,3.9269908169872414,1.7273549816836296,1.000518694633736
2.1,0.5,1.05,0,3.9269908169872414,1.732330692162547,1.0091929268896764
2.11,0.5,1.055,0,3.9269908169872414,1.737262969464646,1.0178919291666733
2.12,0.5,1.06,0,3.9269908169872414,1.7421516902832515,1.0266154839901234
2.13,0.5,1.065,0,3.9269908169872414,1.746996732400597,1.0353633732716097
2.14,0.5,1.07,0,3.9269908169872414,1.7517979746908825,1.0441353783143568
2.15,0.5,1.075,0,3.9269908169872414,1.7565552971233003,1.0529312798186945
2.16,0.5,1.08,0,3.9269908169872414,1.7612685807650377,1.061750857887544
2.17,0.5,1.085,0,3.9269908169872414,1.7659377077842489,1.0705938920319127
2.18,0.5,1.09,0,3.9269908169872414,1.770562561453002,1.0794601611764079
2.19,0.5,1.095,0,3.9269908169872414,1.7751430261501957,1.0883494436647618
2.2,0.5,1.1,0,3.9269908169872414,1.7796789873644516,1.0972615172653764
2.21,0.5,1.105,0,3.9269908169872414,1.7841703316969753,1.1061961591768747
2.22,0.5,1.11,0,3.9269908169872414,1.7886169468643924,1.1151531460336754
2.23,0.5,1.115,0,3.9269908169872414,1.7930187217015552,1.1241322539115726
2.24,0.5,1.12,0,3.9269908169872414,1.7973755461643224,1.1331332583333378
2.25,0.5,1.125,0,3.9269908169872414,1.8016873113323089,1.1421559342743286
2.2600000000000002,0.5,1.1300000000000001,0,3.9269908169872414,1.8059539094116106,1.151200056168117
2.27,0.5,1.135,0,3.9269908169872414,1.8101752337374972,1.160265397912126
2.2800000000000002,0.5,1.1400000000000001,0,3.9269908169872414,1.814351178777081,1.169351732873285
2.29,0.5,1.145,0,3.9269908169872414,1.8184816401319528,1.1784588338936923
2.3000000000000003,0.5,1.1500000000000001,0,3.9269908169872414,1.8225665145407945,1.1875864732962977
2.31,0.5,1.155,0,3.9269908169872414,1.8266056998819582,1.1967344228905907
2.32,0.5,1.16,0,3.9269908169872414,1.830599095176021,1.2059024539783083
2.33,0.5,1.165,0,3.9269908169872414,1.8345466005883084,1.215090337359151
2.34,0.5,1.17,0,3.9269908169872414,1.8384481174313907,1.2242978433365121
2.35,0.5,1.175,0,3.9269908169872414,1.84230354816755,1.2335247417232227
2.36,0.5,1.18,0,3.9269908169872414,1.8461127964112187,1.2427708018473027
2.37,0.5,1.185,0,3.9269908169872414,1.8498757669313894,1.2520357925577315
2.38,0.5,1.19,0,3.9269908169872414,1.8535923656539948,1.261319482230223
2.39,0.5,1.195,0,3.9269908169872414,1.8572624996642604,1.2706216387730196
2.4,0.5,1.2,0,3.9269908169872414,1.860886077209027,1.2799420296326915
2.41,0.5,1.205,0,3.9269908169872414,1.8644630076990452,1.2892804217999538
2.42,0.5,1.21,0,3.9269908169872414,1.8679932017112384,1.2986365818154875
2.43,0.5,1.215,0,3.9269908169872414,1.8714765709909407,1.3080102757757803
2.44,0.5,1.22,0,3.9269908169872414,1.8749130284541011,1.3174012693389707
2.45,0.5,1.225,0,3.9269908169872414,1.8783024881894623,1.3268093277307096
2.46,0.5,1.23,0,3.9269908169872414,1.8816448654607072,1.3362342157500264
2.47,0.5,1.235,0,3.9269908169872414,1.8849400767085784,1.3456756977752122
2.48,0.5,1.24,0,3.9269908169872414,1.8881880395529662,1.3551335377697074
2.49,0.5,1.245,0,3.9269908169872414,1.8913886727949687,1.3646074992880055
2.5,0.5,1.25,0,3.9269908169872414,1.8945418964189213,1.3740973454815613
2.5100000000000002,0.5,1.2550000000000001,0,3.9269908169872414,1.897647631594398,1.3836028391047148
2.52,0.5,1.26,0,3.9269908169872414,1.9007058006781807,1.3931237425206198
2.5300000000000002,0.5,1.2650000000000001,0,3.9269908169872414,1.903716327216202,1.4026598177071876
2.54,0.5,1.27,0,3.9269908169872414,1.9066791359454551,1.4122108262630344
2.5500000000000003,0.5,1.2750000000000001,0,3.9269908169872414,1.9095941527958762,1.4217765294134446
2.56,0.5,1.28,0,3.9269908169872414,1.9124613048921957,1.4313566880163366
2.57,0.5,1.285,0,3.9269908169872414,1.9152805205557606,1.440951062568245
2.58,0.5,1.29,0,3.9269908169872414,1.9180517293063262,1.450559413210306
2.59,0.5,1.295,0,3.9269908169872414,1.9207748618638179,1.460181499734253
2.6,0.5,1.3,0,3.9269908169872414,1.9234498501500639,1.4698170815884253
2.61,0.5,1.305,0,3.9269908169872414,1.926076627290496,1.4794659178837772
2.62,0.5,1.31,0,3.9269908169872414,1.9286551276158226,1.4891277673999048
2.63,0.5,1.315,0,3.9269908169872414,1.9311852866636698,1.4988023885910726
2.64,0.5,1.32,0,3.9269908169872414,1.9336670411801937,1.5084895395922555
2.65,0.5,1.325,0,3.9269908169872414,1.93610032912166,1.5181889782251823
2.66,0.5,1.33,0,3.9269908169872414,1.9384850896559973,1.527900462004393
2.67,0.5,1.335,0,3.9269908169872414,1.9408212631643162,1.5376237481432982
2.68,0.5,1.34,0,3.9269908169872414,1.943108791242401,1.5473585935602516
2.69,0.5,1.345,0,3.9269908169872414,1.9453476167021684,1.557104754884624
2.7,0.5,1.35,0,3.9269908169872414,1.9475376835730989,1.5668619884628907
2.71,0.5,1.355,0,3.9269908169872414,1.9496789371036345,1.5766300503647197
2.72,0.5,1.36,0,3.9269908169872414,1.9517713237625487,1.5864086963890731
2.73,0.5,1.365,0,3.9269908169872414,1.953814791240284,1.5961976820703085
2.74,0.5,1.37,0,3.9269908169872414,1.9558092884502596,1.6059967626842948
2.75,0.5,1.375,0,3.9269908169872414,1.9577547655301495,1.6158056932545262
2.7600000000000002,0.5,1.3800000000000001,0,3.9269908169872414,1.959651173843128,1.62562422855825
2.77,0.5,1.385,0,3.9269908169872414,1.9614984659790857,1.6354521231325942
2.7800000000000002,0.5,1.3900000000000001,0,3.9269908169872414,1.9632965957558157,1.6452891312807072
2.79,0.5,1.395,0,3.9269908169872414,1.9650455182201672,1.6551350070778967
2.8000000000000003,0.5,1.4000000000000001,0,3.9269908169872414,1.9667451896491697,1.6649895043777816
2.81,0.5,1.405,0,3.9269908169872414,1.9683955675511258,1.6748523768184416
2.82,0.5,1.41,0,3.9269908169872414,1.969996610666674,1.68472337782858
2.83,0.5,1.415,0,3.9269908169872414,1.97154827896982,1.694602260633686
2.84,0.5,1.42,0,3.9269908169872414,1.9730505336689368,1.704488778262203
2.85,0.5,1.425,0,3.9269908169872414,1.9745033372077354,1.7143826835517062
2.86,0.5,1.43,0,3.9269908169872414,1.9759066532662029,1.7242837291550777
2.87,0.5,1.435,0,3.9269908169872414,1.9772604467615107,1.7341916675466942
2.88,0.5,1.44,0,3.9269908169872414,1.9785646838488922,1.744106251028611
2.89,0.5,1.445,0,3.9269908169872414,1.979819331922488,1.754027231736758
2.9,0.5,1.45,0,3.9269908169872414,1.9810243596161616,1.7639543616471336
2.91,0.5,1.455,0,3.9269908169872414,1.9821797368042835,1.773887392582008
2.92,0.5,1.46,0,3.9269908169872414,1.9832854346024842,1.7838260762161242
2.93,0.5,1.465,0,3.9269908169872414,1.9843414253683762,1.79377016408291
2.94,0.5,1.47,0,3.9269908169872414,1.9853476827022456,1.8037194075806857
2.95,0.5,1.475,0,3.9269908169872414,1.9863041814477111,1.8136735579788827
2.96,0.5,1.48,0,3.9269908169872414,1.9872108976923542,1.8236323664242589
2.97,0.5,1.485,0,3.9269908169872414,1.988067808768316,1.8335955839471225
2.98,0.5,1.49,0,3.9269908169872414,1.988874893252864,1.8435629614675537
2.99,0.5,1.495,0,3.9269908169872414,1.9896321309689282,1.8535342498016345
3.0,0.5,1.5,0,3.9269908169872414,1.9903395029856052,1.863509199667675
3.0100000000000002,0.5,1.5050000000000001,0,3.9269908169872414,1.9909969916186314,1.8734875616924487
3.02,0.5,1.51,0,3.9269908169872414,1.9916045804308253,1.883469086417424
3.0300000000000002,0.5,1.5150000000000001,0,3.9269908169872414,1.9921622542324982,1.8934535243050035
3.04,0.5,1.52,0,3.9269908169872414,1.992669999081834,1.9034406257447591
3.0500000000000003,0.5,1.5250000000000001,0,3.9269908169872414,1.993127802285238,1.913430141059676
3.06,0.5,1.53,0,3.9269908169872414,1.9935356523976537,1.9234218205123905
3.0700000000000003,0.5,1.5350000000000001,0,3.9269908169872414,1.99389353922285,1.9334154143114377
3.08,0.5,1.54,0,3.9269908169872414,1.9942014538136748,1.9434106726174922
3.09,0.5,1.545,0,3.9269908169872414,1.994459388472279,1.9534073455496175
3.1,0.5,1.55,0,3.9269908169872414,1.9946673367503098,1.9634051831915114
3.11,0.5,1.555,0,3.9269908169872414,1.9948252934490713,1.9734039355977524
3.12,0.5,1.56,0,3.9269908169872414,1.994933254619654,1.9834033528000523
3.13,0.5,1.565,0,3.9269908169872414,1.9949912175630344,1.9934031848135008
3.14,0.5,1.57,0,3.9269908169872414,1.9949991808301417,2.0034031816428195
3.15,0.5,1.575,0,3.9269908169872414,1.9949571442218947,2.0134030932886073
3.16,0.5,1.58,0,3.9269908169872414,1.9948651087892066,2.023402669753595
3.17,0.5,1.585,0,3.9269908169872414,1.9947230768329585,2.0334016610488908
3.18,0.5,1.59,0,3.9269908169872414,1.9945310519039416,2.0433998172002337
3.19,0.5,1.595,0,3.9269908169872414,1.9942890388027692,2.05339688825424
3.2,0.5,1.6,0,3.9269908169872414,1.9939970435797563,2.0633926242846554
3.21,0.5,1.605,0,3.9269908169872414,1.9936550735347682,2.0733867753985984
3.22,0.5,1.61,0,3.9269908169872414,1.9932631372170384,2.0833790917428123
3.23,0.5,1.615,0,3.9269908169872414,1.9928212444249542,2.0933693235099087
3.24,0.5,1.62,0,3.9269908169872414,1.9923294062058126,2.103357220944614
3.25,0.5,1.625,0,3.9269908169872414,1.9917876348555432,2.113342534350012
3.2600000000000002,0.5,1.6300000000000001,0,3.9269908169872414,1.9911959439184017,2.1233250140937887
3.27,0.5,1.635,0,3.9269908169872414,1.9905543481866308,2.133304410614469
3.2800000000000002,0.5,1.6400000000000001,0,3.9269908169872414,1.9898628637000901,2.143280474427661
3.29,0.5,1.645,0,3.9269908169872414,1.989121507745856,2.1532529561322877
3.3000000000000003,0.5,1.6500000000000001,0,3.9269908169872414,1.9883302988577887,2.163221606416827
3.31,0.5,1.655,0,3.9269908169872414,1.9874892568160691,2.17318617606554
3.3200000000000003,0.5,1.6600000000000001,0,3.9269908169872414,1.9865984026467045,2.1831464159647056
3.33,0.5,1.665,0,3.9269908169872414,1.9856577586210027,2.193102077108844
3.34,0.5,1.67,0,3.9269908169872414,1.9846673482550155,2.2030529106069454
3.35,0.5,1.675,0,3.9269908169872414,1.9836271963089502,2.2129986676886912
3.36,0.5,1.68,0,3.9269908169872414,1.9825373287865515,2.222939099710672
3.37,0.5,1.685,0,3.9269908169872414,1.9813977729344505,2.232873958162605
3.38,0.5,1.69,0,3.9269908169872414,1.9802085572414845,2.242802994673546
3.39,0.5,1.695,0,3.9269908169872414,1.9789697114379834,2.2527259610181
3.4,0.5,1.7,0,3.9269908169872414,1.977681266495028,2.2626426091226244
3.41,0.5,1.705,0,3.9269908169872414,1.976343254623675,2.272552691071434
3.42,0.5,1.71,0,3.9269908169872414,1.9749557092741512,2.2824559591129954
3.43,0.5,1.715,0,3.9269908169872414,1.973518665135018,2.292352165666124
3.44,0.5,1.72,0,3.9269908169872414,1.9720321581323044,2.302241063326171
3.45,0.5,1.725,0,3.9269908169872414,1.9704962254286078,2.3121224048712103
3.46,0.5,1.73,0,3.9269908169872414,1.9689109054221658,2.321995943268217
3.47,0.5,1.735,0,3.9269908169872414,1.967276237745896,2.331861431679247
3.48,0.5,1.74,0,3.9269908169872414,1.9655922632664053,2.341718623467602
3.49,0.5,1.745,0,3.9269908169872414,1.9638590240829679,2.3515672722040026
3.5,0.5,1.75,0,3.9269908169872414,1.962076563526473,2.361407131672742
3.5100000000000002,0.5,1.7550000000000001,0,3.9269908169872414,1.9602449261583417,2.3712379558778465
3.52,0.5,1.76,0,3.9269908169872414,1.9583641577694129,2.3810594990492224
3.5300000000000002,0.5,1.7650000000000001,0,3.9269908169872414,1.9564343053787983,2.390871515648803
3.54,0.5,1.77,0,3.9269908169872414,1.954455417232707,2.4006737603766832
3.5500000000000003,0.5,1.7750000000000001,0,3.9269908169872414,1.95242754280324,2.4104659881772563
3.56,0.5,1.78,0,3.9269908169872414,1.9503507327871523,2.4202479542453363
3.5700000000000003,0.5,1.7850000000000001,0,3.9269908169872414,1.9482250391045859,2.4300194140322824
3.58,0.5,1.79,0,3.9269908169872414,1.9460505148977723,2.4397801232521075
3.59,0.5,1.795,0,3.9269908169872414,1.9438272145297033,2.44952983788759
3.6,0.5,1.8,0,3.9269908169872414,1.9415551935827724,2.4592683141963723
3.61,0.5,1.805,0,3.9269908169872414,1.939234508857385,2.468995308717053
3.62,0.5,1.81,0,3.9269908169872414,1.9368652183705382,2.478710578275276
3.63,0.5,1.815,0,3.9269908169872414,1.934447381354371,2.4884138799898086
3.64,0.5,1.82,0,3.9269908169872414,1.9319810582546826,2.498104971278613
3.65,0.5,1.825,0,3.9269908169872414,1.9294663107294223,2.5077836098649122
3.66,0.5,1.83,0,3.9269908169872414,1.926903201647147,2.5174495537832455
3.67,0.5,1.835,0,3.9269908169872414,1.9242917950854506,2.527102561385518
3.68,0.5,1.84,0,3.9269908169872414,1.9216321563293608,2.5367423913470426
3.69,0.5,1.845,0,3.9269908169872414,1.9189243518697081,2.546368802672572
3.7,0.5,1.85,0,3.9269908169872414,1.916168449401463,2.5559815547023255
3.71,0.5,1.855,0,3.9269908169872414,1.9133645178220438,2.5655804071180017
3.72,0.5,1.86,0,3.9269908169872414,1.9105126272295936,2.575165119948791
3.73,0.5,1.865,0,3.9269908169872414,1.907612848921229,2.5847354535773714
3.74,0.5,1.87,0,3.9269908169872414,1.9046652553912562,2.594291168745901
3.75,0.5,1.875,0,3.9269908169872414,1.9016699203293606,2.6038320265619976
3.7600000000000002,0.5,1.8800000000000001,0,3.9269908169872414,1.898626918618762,2.6133577885047137
3.77,0.5,1.885,0,3.9269908169872414,1.8955363263343454,2.622868216430496
3.7800000000000002,0.5,1.8900000000000001,0,3.9269908169872414,1.8923982207407566,2.6323630725791425
3.79,0.5,1.895,0,3.9269908169872414,1.889212680290472,2.641842119579743
3.8000000000000003,0.5,1.9000000000000001,0,3.9269908169872414,1.885979784621837,2.6513051204566174
3.81,0.5,1.905,0,3.9269908169872414,1.882699614557075,2.6607518386352353
3.8200000000000003,0.5,1.9100000000000001,0,3.9269908169872414,1.8793722521002665,2.670182037948136
3.83,0.5,1.915,0,3.9269908169872414,1.8759977804352999,2.679595482640826
3.84,0.5,1.92,0,3.9269908169872414,1.872576283923791,2.688991937377679
3.85,0.5,1.925,0,3.9269908169872414,1.8691078481029741,2.698371167247817
3.86,0.5,1.93,0,3.9269908169872414,1.8655925596835645,2.7077329377709796
3.87,0.5,1.935,0,3.9269908169872414,1.8620305065475893,2.717077014903393
3.88,0.5,1.94,0,3.9269908169872414,1.8584217777461918,2.7264031650436147
3.89,0.5,1.945,0,3.9269908169872414,1.8547664634974035,2.735711155038378
3.9,0.5,1.95,0,3.9269908169872414,1.8510646551838907,2.7450007521884165
3.91,0.5,1.955,0,3.9269908169872414,1.847316445350668,2.7542717242542865
3.92,0.5,1.96,0,3.9269908169872414,1.8435219277027866,2.763523839462168
3.93,0.5,1.965,0,3.9269908169872414,1.8396811971029894,2.772756866509664
3.94,0.5,1.97,0,3.9269908169872414,1.8357943495693418,2.7819705745715777
3.95,0.5,1.975,0,3.9269908169872414,1.8318614822728296,2.791164733305689
3.96,0.5,1.98,0,3.9269908169872414,1.8278826935349306,2.8003391128585067
3.97,0.5,1.985,0,3.9269908169872414,1.8238580828251556,2.8094934838710213
3.98,0.5,1.99,0,3.9269908169872414,1.8197877507585631,2.818627617484433
3.99,0.5,1.995,0,3.9269908169872414,1.8156717990932423,2.827741285345879
4.0,0.5,2.0,0,3.9269908169872414,1.811510330727771,2.8368342596141356
4.01,0.5,2.005,0,3.9269908169872414,1.8073034496986413,2.8459063129653206
4.0200000000000005,0.5,2.0100000000000002,0,3.9269908169872414,1.8030512611776595,2.854957218598573
4.03,0.5,2.015,0,3.9269908169872414,1.7987538714693179,2.8639867502417227
4.04,0.5,2.02,0,3.9269908169872414,1.794411388008135,2.8729946821569485
4.05,0.5,2.025,0,3.9269908169872414,1.790023919355971,2.8819807891464224
4.0600000000000005,0.5,2.0300000000000002,0,3.9269908169872414,1.7855915751993137,2.8909448465579386
4.07,0.5,2.035,0,3.9269908169872414,1.7811144663465366,2.899886630290527
4.08,0.5,2.04,0,3.9269908169872414,1.7765927047251275,2.9088059168000604
4.09,0.5,2.045,0,3.9269908169872414,1.7720264033788915,2.9177024831048413
4.1,0.5,2.05,0,3.9269908169872414,1.7674156764651245,2.926576106791175
4.11,0.5,2.055,0,3.9269908169872414,1.7627606392517587,2.9354265660189323
4.12,0.5,2.06,0,3.9269908169872414,1.7580614081144827,2.944253639527092
4.13,0.5,2.065,0,3.9269908169872414,1.75331810053383,2.953057106639277
4.14,0.5,2.07,0,3.9269908169872414,1.748530835092243,2.9618367472692673
4.15,0.5,2.075,0,3.9269908169872414,1.7436997314711078,2.970592341926506
4.16,0.5,2.08,0,3.9269908169872414,1.7388249104477642,2.979323671721581
4.17,0.5,2.085,0,3.9269908169872414,1.7339064938924837,2.9880305183717026
4.18,0.5,2.09,0,3.9269908169872414,1.7289446047654238,2.9967126642061586
4.19,0.5,2.095,0,3.9269908169872414,1.7239393671135539,3.0053698921717555
4.2,0.5,2.1,0,3.9269908169872414,1.7188909060675555,3.0140019858382443
4.21,0.5,2.105,0,3.9269908169872414,1.7137993478386913,3.022608729403733
4.22,0.5,2.11,0,3.9269908169872414,1.7086648197156518,3.031189907700081
4.23,0.5,2.115,0,3.9269908169872414,1.7034874500613721,3.039745306198278
4.24,0.5,2.12,0,3.9269908169872414,1.6982673683098253,3.0482747110138066
4.25,0.5,2.125,0,3.9269908169872414,1.6930047049627823,3.056777908911991
4.26,0.5,2.13,0,3.9269908169872414,1.687699591586553,3.065254687313326
4.2700000000000005,0.5,2.1350000000000002,0,3.9269908169872414,1.6823521608086949,3.073704834298795
4.28,0.5,2.14,0,3.9269908169872414,1.6769625463146998,3.0821281386151616
4.29,0.5,2.145,0,3.9269908169872414,1.6715308828446491,3.090524389680257
4.3,0.5,2.15,0,3.9269908169872414,1.6660573061898465,3.0988933775882415
4.3100000000000005,0.5,2.1550000000000002,0,3.9269908169872414,1.6605419531894228,3.1072348931148546
4.32,0.5,2.16,0,3.9269908169872414,1.6549849617269168,3.1155487277226412
4.33,0.5,2.165,0,3.9269908169872414,1.649386470726825,3.12383467356617
4.34,0.5,2.17,0,3.9269908169872414,1.643746620151131,3.1320925234972257
4.3500000000000005,0.5,2.1750000000000003,0,3.9269908169872414,1.6380655509958049,3.1403220710699915
4.36,0.5,2.18,0,3.9269908169872414,1.6323434052872807,3.148523110546205
4.37,0.5,2.185,0,3.9269908169872414,1.6265803260789025,3.1566954369003075
4.38,0.5,2.19,0,3.9269908169872414,1.6207764574473504,3.164838845824565
4.39,0.5,2.195,0,3.9269908169872414,1.614931944489038,3.1729531337341794
4.4,0.5,2.2,0,3.9269908169872414,1.609046933316484,3.181038097772376
4.41,0.5,2.205,0,3.9269908169872414,1.6031215710546627,3.1890935358154735
4.42,0.5,2.21,0,3.9269908169872414,1.5971560058373213,3.197119246477941
4.43,0.5,2.215,0,3.9269908169872414,1.5911503868032795,3.20511502911743
4.44,0.5,2.22,0,3.9269908169872414,1.5851048640926997,3.213080683839791
4.45,0.5,2.225,0,3.9269908169872414,1.579019588843336,3.2210160115040707
4.46,0.5,2.23,0,3.9269908169872414,1.5728947131867523,3.2289208137274907
4.47,0.5,2.235,0,3.9269908169872414,1.5667303902445209,3.236794892890407
4.48,0.5,2.24,0,3.9269908169872414,1.5605267741243936,3.244638052141252
4.49,0.5,2.245,0,3.9269908169872414,1.5542840199164516,3.252450095401451
4.5,0.5,2.25,0,3.9269908169872414,1.5480022836892244,3.26023082737033
4.51,0.5,2.255,0,3.9269908169872414,1.5416817224857904,3.267980053529995
4.5200000000000005,0.5,2.2600000000000002,0,3.9269908169872414,1.53532249431985,3.275697580150197
4.53,0.5,2.265,0,3.9269908169872414,1.528924758171777,3.28338321429317
4.54,0.5,2.27,0,3.9269908169872414,1.5224886739846417,3.2910367638184623
4.55,0.5,2.275,0,3.9269908169872414,1.5160144026602134,3.2986580373877343
4.5600000000000005,0.5,2.2800000000000002,0,3.9269908169872414,1.5095021060549374,3.306246844469544
4.57,0.5,2.285,0,3.9269908169872414,1.502951946975891,3.3138029953441084
4.58,0.5,2.29,0,3.9269908169872414,1.4963640891767092,3.32132630110805
4.59,0.5,2.295,0,3.9269908169872414,1.489738697353494,3.3288165736791164
4.6000000000000005,0.5,2.3000000000000003,0,3.9269908169872414,1.4830759371406954,3.3362736258008843
4.61,0.5,2.305,0,3.9269908169872414,1.4763759751069727,3.3436972710474375
4.62,0.5,2.31,0,3.9269908169872414,1.4696389787510273,3.351087323828032
4.63,0.5,2.315,0,3.9269908169872414,1.4628651164974171,3.3584435993917334
4.64,0.5,2.32,0,3.9269908169872414,1.4560545576923458,3.365765913832036
4.65,0.5,2.325,0,3.9269908169872414,1.449207472599428,3.3730540840914602
4.66,0.5,2.33,0,3.9269908169872414,1.4423240323954356,3.380307927966128
4.67,0.5,2.335,0,3.9269908169872414,1.435404409166015,3.3875272641103216
4.68,0.5,2.34,0,3.9269908169872414,1.4284487759013862,3.3947119120410125
4.69,0.5,2.345,0,3.9269908169872414,1.421457306492018,3.401861692142378
4.7,0.5,2.35,0,3.9269908169872414,1.4144301757242825,3.408976425670286
4.71,0.5,2.355,0,3.9269908169872414,1.4073675592760826,3.4160559347567703
4.72,0.5,2.36,0,3.9269908169872414,1.4002696337124616,3.4231000424144717
4.73,0.5,2.365,0,3.9269908169872414,1.3931365764811883,3.4301085725410667
4.74,0.5,2.37,0,3.9269908169872414,1.385968565908323,3.437081349923666
4.75,0.5,2.375,0,3.9269908169872414,1.3787657811937561,3.4440182002431987
4.76,0.5,2.38,0,3.9269908169872414,1.3715284024067307,3.450918950078768
4.7700000000000005,0.5,2.3850000000000002,0,3.9269908169872414,1.3642566104813385,3.4577834269119876
4.78,0.5,2.39,0,3.9269908169872414,1.3569505872120002,3.464611459131294
4.79,0.5,2.395,0,3.9269908169872414,1.3496105152489166,3.471402876036237
4.8,0.5,2.4,0,3.9269908169872414,1.3422365780935044,3.4781575078417486
4.8100000000000005,0.5,2.4050000000000002,0,3.9269908169872414,1.3348289600938077,3.484875185682385
4.82,0.5,2.41,0,3.9269908169872414,1.3273878464398918,3.49155574161655
4.83,0.5,2.415,0,3.9269908169872414,1.3199134231592102,3.498199008630693
4.84,0.5,2.42,0,3.9269908169872414,1.3124058771119556,3.5048048206434848
4.8500000000000005,0.5,2.4250000000000003,0,3.9269908169872414,1.3048653959863872,3.51137301250997
4.86,0.5,2.43,0,3.9269908169872414,1.2972921682941418,3.5179034200256925
4.87,0.5,2.435,0,3.9269908169872414,1.2896863833655168,3.5243958799308053
4.88,0.5,2.44,0,3.9269908169872414,1.2820482313447392,3.5308502299141487
4.89,0.5,2.445,0,3.9269908169872414,1.2743779031852118,3.5372663086173097
4.9,0.5,2.45,0,3.9269908169872414,1.2666755906447382,3.543643955638655
4.91,0.5,2.455,0,3.9269908169872414,1.2589414862807322,3.5499830115373405
4.92,0.5,2.46,0,3.9269908169872414,1.2511757834453994,3.5562833178372992
4.93,0.5,2.465,0,3.9269908169872414,1.2433786762809063,3.562544717031202
4.94,0.5,2.47,0,3.9269908169872414,1.235550359714525,3.5687670525843953
4.95,0.5,2.475,0,3.9269908169872414,1.2276910294537635,3.5749501689388135
4.96,0.5,2.48,0,3.9269908169872414,1.2198008819814683,3.5810939115168705
4.97,0.5,2.485,0,3.9269908169872414,1.2118801145509153,3.5871981267253217
4.98,0.5,2.49,0,3.9269908169872414,1.203928925180877,3.593262661959105
4.99,0.5,2.495,0,3.9269908169872414,1.1959475126506747,3.599287365605155
5.0,0.5,2.5,0,3.9269908169872414,1.1879360764952056,3.6052720870461945
5.01,0.5,2.505,0,3.9269908169872414,1.1798948169999561,3.6112166766644993
5.0200000000000005,0.5,2.5100000000000002,0,3.9269908169872414,1.171823935195994,3.617120985845639
5.03,0.5,2.515,0,3.9269908169872414,1.1637236328549456,3.6229848669821902
5.04,0.5,2.52,0,3.9269908169872414,1.1555941124839468,3.628808173477431
5.05,0.5,2.525,0,3.9269908169872414,1.1474355773205835,3.6345907597490017
5.0600000000000005,0.5,2.5300000000000002,0,3.9269908169872414,1.1392482313278092,3.640332481232548
5.07,0.5,2.535,0,3.9269908169872414,1.1310322791888485,3.64603319438533
5.08,0.5,2.54,0,3.9269908169872414,1.1227879263020766,3.651692756689817
5.09,0.5,2.545,0,3.9269908169872414,1.114515378775886,3.657311026657246
5.1000000000000005,0.5,2.5500000000000003,0,3.9269908169872414,1.106214843423533,3.662887863831161
5.11,0.5,2.555,0,3.9269908169872414,1.0978865277579712,3.6684231287909213
5.12,0.5,2.56,0,3.9269908169872414,1.0895306399866573,3.6739166831551926
5.13,0.5,2.565,0,3.9269908169872414,1.0811473890063505,3.6793683895854015
5.14,0.5,2.57,0,3.9269908169872414,1.0727369843978887,3.6847781117891714
5.15,0.5,2.575,0,3.9269908169872414,1.0642996364209483,3.6901457145237293
5.16,0.5,2.58,0,3.9269908169872414,1.0558355560087906,3.6954710635992853
5.17,0.5,2.585,0,3.9269908169872414,1.0473449547629847,3.7007540258823908
5.18,0.5,2.59,0,3.9269908169872414,1.0388280449481193,3.7059944692992635
5.19,0.5,2.595,0,3.9269908169872414,1.0302850394864953,3.7111922628390914
5.2,0.5,2.6,0,3.9269908169872414,1.021716151952806,3.716347276557306
5.21,0.5,2.605,0,3.9269908169872414,1.0131215965687925,3.721459381578833
5.22,0.5,2.61,0,3.9269908169872414,1.004501588197892,3.726528450101313
5.23,0.5,2.615,0,3.9269908169872414,0.9958563423398641,3.7315543553982984
5.24,0.5,2.62,0,3.9269908169872414,0.9871860751254062,3.736536971822417
5.25,0.5,2.625,0,3.9269908169872414,0.9784910033107466,3.7414761748085175
5.26,0.5,2.63,0,3.9269908169872414,0.9697713442722276,3.746371840876783
5.2700000000000005,0.5,2.6350000000000002,0,3.9269908169872414,0.9610273160008703,3.751223847635818
5.28,0.5,2.64,0,3.9269908169872414,0.9522591370969277,3.7560320737857045
5.29,0.5,2.645,0,3.9269908169872414,0.9434670267644149,3.76079639912104
5.3,0.5,2.65,0,3.9269908169872414,0.9346512048056321,3.7655167045339386
5.3100000000000005,0.5,2.6550000000000002,0,3.9269908169872414,0.9258118916156687,3.7701928720170117
5.32,0.5,2.66,0,3.9269908169872414,0.9169493081768954,3.774824784666315
5.33,0.5,2.665,0,3.9269908169872414,0.9080636760534357,3.779412326684274
5.34,0.5,2.67,0,3.9269908169872414,0.8991552173856302,3.783955383382577
5.3500000000000005,0.5,2.6750000000000003,0,3.9269908169872414,0.8902241548844806,3.7884538411850435
5.36,0.5,2.68,0,3.9269908169872414,0.8812707118260859,3.792907587630462
5.37,0.5,2.685,0,3.9269908169872414,0.8722951120460554,3.797316511375404
5.38,0.5,2.69,0,3.9269908169872414,0.8632975799339161,3.8016805021970055
5.39,0.5,2.695,0,3.9269908169872414,0.8542783404275023,3.805999450995723
5.4,0.5,2.7,0,3.9269908169872414,0.8452376190073311,3.8102732497980614
5.41,0.5,2.705,0,3.9269908169872414,0.8361756416909687,3.814501791759273
5.42,0.5,2.71,0,3.9269908169872414,0.8270926350273752,3.8186849711660296
5.43,0.5,2.715,0,3.9269908169872414,0.8179888260912441,3.8228226834390635
5.44,0.5,2.72,0,3.9269908169872414,0.8088644424773239,3.826914825135784
5.45,0.5,2.725,0,3.9269908169872414,0.7997197122947314,3.830961293952861
5.46,0.5,2.73,0,3.9269908169872414,0.7905548641612439,3.834961988728785
5.47,0.5,2.735,0,3.9269908169872414,0.7813701271975875,3.838916809446395
5.48,0.5,2.74,0,3.9269908169872414,0.772165731021707,3.84282565723538
5.49,0.5,2.745,0,3.9269908169872414,0.7629419057430292,3.846688434374747
5.5,0.5,2.75,0,3.9269908169872414,0.7536988819567048,3.85050504429527
5.51,0.5,2.755,0,3.9269908169872414,0.7444368907378469,3.8542753915819
5.5200000000000005,0.5,2.7600000000000002,0,3.9269908169872414,0.735156163635753,3.857999381976151
5.53,0.5,2.765,0,3.9269908169872414,0.7258569326681187,3.8616769223784564
5.54,0.5,2.77,0,3.9269908169872414,0.7165394303152332,3.865307920850498
5.55,0.5,2.775,0,3.9269908169872414,0.7072038895141699,3.8688922866175033
5.5600000000000005,0.5,2.7800000000000002,0,3.9269908169872414,0.6978505436529618,3.872429930070515
5.57,0.5,2.785,0,3.9269908169872414,0.6884796265647701,3.8759207627686307
5.58,0.5,2.79,0,3.9269908169872414,0.679091372522033,3.8793646974412144
5.59,0.5,2.795,0,3.9269908169872414,0.6696860162306125,3.8827616479900793
5.6000000000000005,0.5,2.8000000000000003,0,3.9269908169872414,0.6602637928239253,3.8861115294916386
5.61,0.5,2.805,0,3.9269908169872414,0.6508249378570675,3.8894142581990288
5.62,0.5,2.81,0,3.9269908169872414,0.6413696873009208,3.8926697515442044
5.63,0.5,2.815,0,3.9269908169872414,0.6318982775362566,3.8958779281400013
5.64,0.5,2.82,0,3.9269908169872414,0.6224109453478257,3.899038707782172
5.65,0.5,2.825,0,3.9269908169872414,0.612907927918438,3.9021520114513897
5.66,0.5,2.83,0,3.9269908169872414,0.6033894628230357,3.905217761315225
5.67,0.5,2.835,0,3.9269908169872414,0.5938557880227499,3.908235880730091
5.68,0.5,2.84,0,3.9269908169872414,0.5843071418589538,3.911206294243159
5.69,0.5,2.845,0,3.9269908169872414,0.5747437630473035,3.914128927594247
5.7,0.5,2.85,0,3.9269908169872414,0.5651658906717728,3.9170037077176723
5.71,0.5,2.855,0,3.9269908169872414,0.5555737641786714,3.919830562744082
5.72,0.5,2.86,0,3.9269908169872414,0.5459676233706621,3.922609422002248
5.73,0.5,2.865,0,3.9269908169872414,0.5363477084007638,3.925340216020833
5.74,0.5,2.87,0,3.9269908169872414,0.5267142597663517,3.9280228765301293
5.75,0.5,2.875,0,3.9269908169872414,0.5170675183031387,3.9306573364637636
5.76,0.5,2.88,0,3.9269908169872414,0.5074077251791591,3.9332435299603747
5.7700000000000005,0.5,2.8850000000000002,0,3.9269908169872414,0.4977351218887371,3.9357813923652603
5.78,0.5,2.89,0,3.9269908169872414,0.4880499502464528,3.9382708602319916
5.79,0.5,2.895,0,3.9269908169872414,0.47835245238109203,3.940711871324002
5.8,0.5,2.9,0,3.9269908169872414,0.4686428707295963,3.943104364616142
5.8100000000000005,0.5,2.9050000000000002,0,3.9269908169872414,0.4589214480310004,3.9454482802962034
5.82,0.5,2.91,0,3.9269908169872414,0.4491884273203671,3.947743559766416
5.83,0.5,2.915,0,3.9269908169872414,0.43944405192270647,3.9499901456449127
5.84,0.5,2.92,0,3.9269908169872414,0.4296885654468959,3.952187981767164
5.8500000000000005,0.5,2.9250000000000003,0,3.9269908169872414,0.4199222117795882,3.9543370131873807
5.86,0.5,2.93,0,3.9269908169872414,0.41014523507911826,3.9564371861798895
5.87,0.5,2.935,0,3.9269908169872414,0.4003578797693935,3.958488448240475
5.88,0.5,2.94,0,3.9269908169872414,0.3905603905337869,3.9604907480876927
5.89,0.5,2.945,0,3.9269908169872414,0.380753012309019,3.9624440356641504
5.9,0.5,2.95,0,3.9269908169872414,0.3709359902790338,3.9643482621377606
5.91,0.5,2.955,0,3.9269908169872414,0.36110956986887244,3.966203379902961
5.92,0.5,2.96,0,3.9269908169872414,0.3512739967385326,3.968009342581903
5.93,0.5,2.965,0,3.9269908169872414,0.3414295167768302,3.9697661050256148
5.94,0.5,2.97,0,3.9269908169872414,0.3315763760952507,3.971473623315126
5.95,0.5,2.975,0,3.9269908169872414,0.3217148210217997,3.973131854762569
5.96,0.5,2.98,0,3.9269908169872414,0.31184509809483957,3.974740757912244
5.97,0.5,2.985,0,3.9269908169872414,0.3019674540569294,3.976300292541655
5.98,0.5,2.99,0,3.9269908169872414,0.2920821358486547,3.977810419662519
5.99,0.5,2.995,0,3.9269908169872414,0.2821893906024578,3.9792711015217352
6.0,0.5,3.0,0,3.9269908169872414,0.27228946563645356,3.980682301602334
6.01,0.5,3.005,0,3.9269908169872414,0.26238260844825056,3.9820439846243865
6.0200000000000005,0.5,3.0100000000000002,0,3.9269908169872414,0.2524690667087616,3.9833561165458886
6.03,0.5,3.015,0,3.9269908169872414,0.2425490882560157,3.98461866456361
6.04,0.5,3.02,0,3.9269908169872414,0.23262292108895655,3.985831597113916
6.05,0.5,3.025,0,3.9269908169872414,0.22269081336124635,3.9869948838735567
6.0600000000000005,0.5,3.0300000000000002,0,3.9269908169872414,0.21275301337506014,3.9881084957604234
6.07,0.5,3.035,0,3.9269908169872414,0.20280976957488173,3.9891724049342767
6.08,0.5,3.04,0,3.9269908169872414,0.19286133054128735,3.990186584797443
6.09,0.5,3.045,0,3.9269908169872414,0.1829079449847347,3.991151009995478
6.1000000000000005,0.5,3.0500000000000003,0,3.9269908169872414,0.1729498617393434,3.9920656564178025
6.11,0.5,3.055,0,3.9269908169872414,0.16298732975667773,3.992930501198303
6.12,0.5,3.06,0,3.9269908169872414,0.15302059809951749,3.9937455227159058
6.13,0.5,3.065,0,3.9269908169872414,0.14304991593563499,3.994510700595115
6.140000000000001,0.5,3.0700000000000003,0,3.9269908169872414,0.13307553253156412,3.9952260157065234
6.15,0.5,3.075,0,3.9269908169872414,0.12309769724637229,3.9958914501672904
6.16,0.5,3.08,0,3.9269908169872414,0.11311665952542105,3.9965069873415895
6.17,0.5,3.085,0,3.9269908169872414,0.10313266889413357,3.9970726118410234
6.18,0.5,3.09,0,3.9269908169872414,0.09314597495175565,3.9975883095250087
6.19,0.5,3.095,0,3.9269908169872414,0.08315682736511482,3.9980540675011302
6.2,0.5,3.1,0,3.9269908169872414,0.07316547586238223,3.998469874125463
6.21,0.5,3.105,0,3.9269908169872414,0.0631721702268242,3.998835719002863
6.22,0.5,3.11,0,3.9269908169872414,0.05317716029056113,3.9991515929872277
6.23,0.5,3.115,0,3.9269908169872414,0.043180695928319975,3.9994174881817233
6.24,0.5,3.12,0,3.9269908169872414,0.0331830270511909,3.999633397938984
6.25,0.5,3.125,0,3.9269908169872414,0.02318440360037425,3.9997993168612775
6.26,0.5,3.13,0,3.9269908169872414,0.013185075540935523,3.999915240800639
6.2700000000000005,0.5,3.1350000000000002,0,3.9269908169872414,0.003185292855554524,3.9999811668589764
6.28,0.5,3.14,0,3.9269908169872414,-0.006814694461720658,3.9999970933881412
6.29,0.5,3.145,0,3.9269908169872414,-0.01681463641172881,3.999963019989971
6.3,0.5,3.15,0,3.9269908169872414,-0.026814282996442017,3.9998789475162995
6.3100000000000005,0.5,3.1550000000000002,0,3.9269908169872414,-0.03681338422521736,3.9997448780689338
6.32,0.5,3.16,0,3.9269908169872414,-0.04681169012104314,3.999560814999603
6.33,0.5,3.165,0,3.9269908169872414,-0.056808950726793574,3.9993267629098748
6.34,0.5,3.17,0,3.9269908169872414,-0.06680491611147422,3.9990427276510387
6.3500000000000005,0.5,3.1750000000000003,0,3.9269908169872414,-0.07679933637647197,3.9987087163239616
6.36,0.5,3.18,0,3.9269908169872414,-0.08679196166179898,3.9983247372789092
6.37,0.5,3.185,0,3.9269908169872414,-0.09678254215234443,3.997890800115338
6.38,0.5,3.19,0,3.9269908169872414,-0.1067708280841164,3.997406915681654
6.390000000000001,0.5,3.1950000000000003,0,3.9269908169872414,-0.11675656975048772,3.9968730960749426
6.4,0.5,3.2,0,3.9269908169872414,-0.12673951750843504,3.9962893546406666
6.41,0.5,3.205,0,3.9269908169872414,-0.13671942178478524,3.9956557059723314
6.42,0.5,3.21,0,3.9269908169872414,-0.14669603308245122,3.994972165911121
6.43,0.5,3.215,0,3.9269908169872414,-0.1566691019866701,3.994238751545501
6.44,0.5,3.22,0,3.9269908169872414,-0.16663837917123966,3.9934554812107925
6.45,0.5,3.225,0,3.9269908169872414,-0.1766036154047477,3.992622374488713
6.46,0.5,3.23,0,3.9269908169872414,-0.18656456155680828,3.991739452206887
6.47,0.5,3.235,0,3.9269908169872414,-0.19652096860428644,3.9908067364383255
6.48,0.5,3.24,0,3.9269908169872414,-0.2064725876375254,3.9898242505008743
6.49,0.5,3.245,0,3.9269908169872414,-0.21641916986656592,3.9887920189566306
6.5,0.5,3.25,0,3.9269908169872414,-0.22636046662737117,3.9877100676113297
6.51,0.5,3.255,0,3.9269908169872414,-0.2362962293880399,3.9865784235136985
6.5200000000000005,0.5,3.2600000000000002,0,3.9269908169872414,-0.2462262097550215,3.98539711495478
6.53,0.5,3.265,0,3.9269908169872414,-0.2561501594793222,3.9841661714672276
6.54,0.5,3.27,0,3.9269908169872414,-0.26606783046271665,3.982885623824564
6.55,0.5,3.275,0,3.9269908169872414,-0.2759789747639468,3.981555504040413
6.5600000000000005,0.5,3.2800000000000002,0,3.9269908169872414,-0.2858833446049222,3.9801758453677007
6.57,0.5,3.285,0,3.9269908169872414,-0.29578069237691096,3.978746682297822
6.58,0.5,3.29,0,3.9269908169872414,-0.3056707706467351,3.9772680505597786
6.59,0.5,3.295,0,3.9269908169872414,-0.31555333216295295,3.9757399871192876
6.6000000000000005,0.5,3.3000000000000003,0,3.9269908169872414,-0.3254281298620423,3.974162530177855
6.61,0.5,3.305,0,3.9269908169872414,-0.33529491687457313,3.9725357191718227
6.62,0.5,3.31,0,3.9269908169872414,-0.34515344653138497,3.9708595947713805
6.63,0.5,3.315,0,3.9269908169872414,-0.35500347236974983,3.9691341988795514
6.640000000000001,0.5,3.3200000000000003,0,3.9269908169872414,-0.36484474813953566,3.9673595746311427
6.65,0.5,3.325,0,3.9269908169872414,-0.374677027809359,3.9655357663916684
6.66,0.5,3.33,0,3.9269908169872414,-0.38450006557274113,3.9636628197562396
6.67,0.5,3.335,0,3.9269908169872414,-0.3943136158542495,3.961740781548424
6.68,0.5,3.34,0,3.9269908169872414,-0.40411743331563826,3.9597696998190774
6.69,0.5,3.345,0,3.9269908169872414,-0.41391127286198237,3.9577496238451397
6.7,0.5,3.35,0,3.9269908169872414,-0.4236948896478015,3.9556806041284056
6.71,0.5,3.355,0,3.9269908169872414,-0.43346803908318643,3.9535626923942604
6.72,0.5,3.36,0,3.9269908169872414,-0.44323047683991035,3.9513959415903868
6.73,0.5,3.365,0,3.9269908169872414,-0.4529819588575386,3.949180405885442
6.74,0.5,3.37,0,3.9269908169872414,-0.46272224134952694,3.946916140667703
6.75,0.5,3.375,0,3.9269908169872414,-0.4724510808093212,3.944603202543683
6.76,0.5,3.38,0,3.9269908169872414,-0.4821682340164416,3.9422416493367143
6.7700000000000005,0.5,3.3850000000000002,0,3.9269908169872414,-0.49187345804256494,3.9398315400855037
6.78,0.5,3.39,0,3.9269908169872414,-0.5015665102575944,3.9373729350426574
6.79,0.5,3.395,0,3.9269908169872414,-0.5112471483357302,3.9348658956731732
6.8,0.5,3.4,0,3.9269908169872414,-0.5209151302615246,3.932310484652905
6.8100000000000005,0.5,3.4050000000000002,0,3.9269908169872414,-0.5305702143359339,3.929706765866995
6.82,0.5,3.41,0,3.9269908169872414,-0.5402121591823573,3.9270548044082774
6.83,0.5,3.415,0,3.9269908169872414,-0.5498407237526768,3.9243546665756504
6.84,0.5,3.42,0,3.9269908169872414,-0.5594556673332796,3.921606419872419
6.8500000000000005,0.5,3.4250000000000003,0,3.9269908169872414,-0.5690567495510778,3.918810133004608
6.86,0.5,3.43,0,3.9269908169872414,-0.5786437303795142,3.9159658758792433
6.87,0.5,3.435,0,3.9269908169872414,-0.5882163701445685,3.913073719602605
6.88,0.5,3.44,0,3.9269908169872414,-0.597774429530745,3.9101337364784494
6.890000000000001,0.5,3.4450000000000003,0,3.9269908169872414,-0.6073176695870577,3.9071460000062013
6.9,0.5,3.45,0,3.9269908169872414,-0.6168458517330005,3.904110584879117
6.91,0.5,3.455,0,3.9269908169872414,-0.626358737764517,3.9010275669824166
6.92,0.5,3.46,0,3.9269908169872414,-0.6358560898599518,3.897897023391387
6.93,0.5,3.465,0,3.9269908169872414,-0.6453376705859971,3.894719032369455
6.94,0.5,3.47,0,3.9269908169872414,-0.6548032429036296,3.89149367336623
6.95,0.5,3.475,0,3.9269908169872414,-0.6642525701740324,3.8882210270155197
6.96,0.5,3.48,0,3.9269908169872414,-0.6736854161645169,3.8849011751333125
6.97,0.5,3.485,0,3.9269908169872414,-0.6831015450544247,3.8815342007157323
6.98,0.5,3.49,0,3.9269908169872414,-0.6925007214410247,3.878120187936964
6.99,0.5,3.495,0,3.9269908169872414,-0.7018827103453952,3.8746592221471494
7.0,0.5,3.5,0,3.9269908169872414,-0.7112472772183029,3.871151389870253
7.01,0.5,3.505,0,3.9269908169872414,-0.7205941879460639,3.8675967788018997
7.0200000000000005,0.5,3.5100000000000002,0,3.9269908169872414,-0.7299232088563976,3.8639954778071797
7.03,0.5,3.515,0,3.9269908169872414,-0.7392341067242654,3.8603475769184312
7.04,0.5,3.52,0,3.9269908169872414,-0.7485266487777064,3.8566531673329867
7.05,0.5,3.525,0,3.9269908169872414,-0.7578006027036532,3.852912341410893
7.0600000000000005,0.5,3.5300000000000002,0,3.9269908169872414,-0.7670557366537417,3.8491251926726027
7.07,0.5,3.535,0,3.9269908169872414,-0.7762918192501034,3.845291815796638
7.08,0.5,3.54,0,3.9269908169872414,-0.7855086195911553,3.8414123066172206
7.09,0.5,3.545,0,3.9269908169872414,-0.7947059072573688,3.8374867621218782
7.1000000000000005,0.5,3.5500000000000003,0,3.9269908169872414,-0.8038834523170322,3.8335152804490185
7.11,0.5,3.555,0,3.9269908169872414,-0.8130410253319953,3.829497960885477
7.12,0.5,3.56,0,3.9269908169872414,-0.8221783973634106,3.825434903864033
7.13,0.5,3.565,0,3.9269908169872414,-0.8312953399774531,3.8213262109609003
7.140000000000001,0.5,3.5700000000000003,0,3.9269908169872414,-0.8403916252510332,3.8171719848931875
7.15,0.5,3.575,0,3.9269908169872414,-0.8494670257774911,3.8129723295163305
7.16,0.5,3.58,0,3.9269908169872414,-0.8585213146722872,3.8087273498214946
7.17,0.5,3.585,0,3.9269908169872414,-0.8675542655786707,3.804437151932951
7.18,0.5,3.59,0,3.9269908169872414,-0.8765656526733393,3.8001018431054243
7.19,0.5,3.595,0,3.9269908169872414,-0.885555250672086,3.795721531721408
7.2,0.5,3.6,0,3.9269908169872414,-0.8945228348354273,3.79129632728846
7.21,0.5,3.605,0,3.9269908169872414,-0.903468180974227,3.7868263404364595
7.22,0.5,3.61,0,3.9269908169872414,-0.9123910654552975,3.7823116829148455
7.23,0.5,3.615,0,3.9269908169872414,-0.9212912652069922,3.77775246758982
7.24,0.5,3.62,0,3.9269908169872414,-0.9301685577247796,3.77314880844153
7.25,0.5,3.625,0,3.9269908169872414,-0.9390227210768096,3.768500820561214
7.26,0.5,3.63,0,3.9269908169872414,-0.9478535339094597,3.763808620148327
7.2700000000000005,0.5,3.6350000000000002,0,3.9269908169872414,-0.9566607754528698,3.7590723245076343
7.28,0.5,3.64,0,3.9269908169872414,-0.9654442255264584,3.754292052046281
7.29,0.5,3.645,0,3.9269908169872414,-0.9742036645444319,3.749467922270829
7.3,0.5,3.65,0,3.9269908169872414,-0.9829388735212711,3.7446000557842725
7.3100000000000005,0.5,3.6550000000000002,0,3.9269908169872414,-0.9916496340772073,3.7396885742830186
7.32,0.5,3.66,0,3.9269908169872414,-1.0003357284436787,3.73473360055385
7.33,0.5,3.665,0,3.9269908169872414,-1.0089969394687794,3.729735258470852
7.34,0.5,3.67,0,3.9269908169872414,-1.017633050622685,3.724693672992316
7.3500000000000005,0.5,3.6750000000000003,0,3.9269908169872414,-1.026243846003067,3.719608970157616
7.36,0.5,3.68,0,3.9269908169872414,-1.0348291103404879,3.714481277084059
7.37,0.5,3.685,0,3.9269908169872414,-1.043388629003787,3.7093107219637043
7.38,0.5,3.69,0,3.9269908169872414,-1.051922188005444,3.7040974340601602
7.390000000000001,0.5,3.6950000000000003,0,3.9269908169872414,-1.0604295740069285,3.698841543705353
7.4,0.5,3.7,0,3.9269908169872414,-1.0689105743240324,3.6935431822962683
7.41,0.5,3.705,0,3.9269908169872414,-1.07736497693219,3.688202482291665
7.42,0.5,3.71,0,3.9269908169872414,-1.0857925704717768,3.6828195772087646
7.43,0.5,3.715,0,3.9269908169872414,-1.094193144253393,3.677394601619915
7.44,0.5,3.72,0,3.9269908169872414,-1.1025664882631323,3.6719276911492216
7.45,0.5,3.725,0,3.9269908169872414,-1.1109123931678293,3.666418982469163
7.46,0.5,3.73,0,3.9269908169872414,-1.1192306503202967,3.660868613297169
7.47,0.5,3.735,0,3.9269908169872414,-1.1275210517645387,3.655276722392179
7.48,0.5,3.74,0,3.9269908169872414,-1.135783390240952,3.649643449551175
7.49,0.5,3.745,0,3.9269908169872414,-1.1440174591915033,3.643968935605685
7.5,0.5,3.75,0,3.9269908169872414,-1.1522230527648987,3.6382533224182616
7.51,0.5,3.755,0,3.9269908169872414,-1.160399965821726,3.632496752878937
7.5200000000000005,0.5,3.7600000000000002,0,3.9269908169872414,-1.1685479939395857,3.6266993709016493
7.53,0.5,3.765,0,3.9269908169872414,-1.1766669334181976,3.6208613214206467
7.54,0.5,3.77,0,3.9269908169872414,-1.1847565812844982,3.614982750386862
7.55,0.5,3.775,0,3.9269908169872414,-1.1928167352977124,3.6090638047642645
7.5600000000000005,0.5,3.7800000000000002,0,3.9269908169872414,-1.2008471939544103,3.6031046325261866
7.57,0.5,3.785,0,3.9269908169872414,-1.2088477564935423,3.5971053826516246
7.58,0.5,3.79,0,3.9269908169872414,-1.2168182229014621,3.5910662051215123
7.59,0.5,3.795,0,3.9269908169872414,-1.224758393916925,3.584987250914973
7.6000000000000005,0.5,3.8000000000000003,0,3.9269908169872414,-1.2326680710360698,3.5788686720055454
7.61,0.5,3.805,0,3.9269908169872414,-1.2405470565173788,3.5727106213573845
7.62,0.5,3.81,0,3.9269908169872414,-1.2483951533866264,3.566513252921435
7.63,0.5,3.815,0,3.9269908169872414,-1.2562121654417995,3.560276721631585
7.640000000000001,0.5,3.8200000000000003,0,3.9269908169872414,-1.2639978972580044,3.554001183400792
7.65,0.5,3.825,0,3.9269908169872414,-1.2717521541923498,3.547686795117185
7.66,0.5,3.83,0,3.9269908169872414,-1.279474742388817,3.5413337146401425
7.67,0.5,3.835,0,3.9269908169872414,-1.2871654687831036,3.534942100796345
7.68,0.5,3.84,0,3.9269908169872414,-1.2948241411074497,3.528512113375806
7.69,0.5,3.845,0,3.9269908169872414,-1.3024505678954472,3.5220439131278756
7.7,0.5,3.85,0,3.9269908169872414,-1.310044558486822,3.515537661757224
7.71,0.5,3.855,0,3.9269908169872414,-1.317605923032206,3.508993521919796
7.72,0.5,3.86,0,3.9269908169872414,-1.3251344724978786,3.5024116572187474
7.73,0.5,3.865,0,3.9269908169872414,-1.3326300186704967,3.4957922322003516
7.74,0.5,3.87,0,3.9269908169872414,-1.3400923741617945,3.4891354123498908
7.75,0.5,3.875,0,3.9269908169872414,-1.3475213524132743,3.4824413640875136
7.76,0.5,3.88,0,3.9269908169872414,-1.3549167677008667,3.475710254764078
7.7700000000000005,0.5,3.8850000000000002,0,3.9269908169872414,-1.3622784351395754,3.468942252656966
7.78,0.5,3.89,0,3.9269908169872414,-1.3696061706880964,3.4621375269658796
7.79,0.5,3.895,0,3.9269908169872414,-1.3768997911534235,3.4552962478086053
7.8,0.5,3.9,0,3.9269908169872414,-1.3841591141954248,3.4484185862167656
7.8100000000000005,0.5,3.9050000000000002,0,3.9269908169872414,-1.391383958331403,3.441504714131542
7.82,0.5,3.91,0,3.9269908169872414,-1.3985741429406295,3.4345548043993777
7.83,0.5,3.915,0,3.9269908169872414,-1.4057294882688647,3.427569030767653
7.84,0.5,3.92,0,3.9269908169872414,-1.4128498154328477,3.420547567880345
7.8500000000000005,0.5,3.9250000000000003,0,3.9269908169872414,-1.419934946424771,3.4134905912736597
